-- SQLBook: Code
-- Category Insert
INSERT INTO CATEGORY VALUES (1, 'Film & Animation', 10000000);
INSERT INTO CATEGORY VALUES (2, 'Music', 10000000);
INSERT INTO CATEGORY VALUES (3, 'Sports');
INSERT INTO CATEGORY VALUES (4, 'Travel & Events', 10000000);
INSERT INTO CATEGORY VALUES (5, 'Gaming', 10000000);
INSERT INTO CATEGORY VALUES (6, 'Education', 10000000);
INSERT INTO CATEGORY VALUES (7, 'Science & Technology', 10000000);
INSERT INTO CATEGORY VALUES (8, 'Autos & Vehicles', 10000000);
INSERT INTO CATEGORY VALUES (9, 'Pets & Animals', 10000000);
INSERT INTO CATEGORY VALUES (10, 'Nonprofits & Activism', 10000000);
INSERT INTO CATEGORY VALUES (11, 'People & Blogs', 10000000);
INSERT INTO CATEGORY VALUES (12, 'Comedy', 10000000);
INSERT INTO CATEGORY VALUES (13, 'Entertainment', 10000000);
INSERT INTO CATEGORY VALUES (14, 'News & Politics', 10000000);
INSERT INTO CATEGORY VALUES (15, 'Howto & Style', 10000000);

INSERT INTO CHANNEL VALUES ('UCY1kMZp36IQSyNx_9h4mpCg', 28100000, '2011-10-20', 130, 'Mark Rober', 'Former NAS');
INSERT INTO CHANNEL VALUES ('UCvsc5fJo7hjmV06qLs6LNUQ', 6, '2022-06-11', 20, 'EASY LIFE', 'Life is be');
INSERT INTO CHANNEL VALUES ('UC4AGeYoOM9lRH6-L7wNFgTQ', 77000, '2014-11-02', 1035, 'Last Free Nation', 'Last Free ');
INSERT INTO CHANNEL VALUES ('UCSHZKyawb77ixDdsGog4iWA', 3420000, '2006-09-20', 784, 'Lex Fridman', 'Lex Fridma');
INSERT INTO CHANNEL VALUES ('UCMSYZVlQmyG8_2MkIKzg0kw', 812000, '2020-05-16', 387, 'The Iced Coffee Hour', 'All of the');
INSERT INTO CHANNEL VALUES ('UC4QZ_LsYcvcq7qOsOhpAX4A', 4680000, '2007-12-03', 479, 'ColdFusion', 'Hi, my nam');
INSERT INTO CHANNEL VALUES ('UCnYMOamNKLGVlJgRUbamveA', 3890000, '2016-11-10', 1053, 'Tom Bilyeu', 'If you’re ');
INSERT INTO CHANNEL VALUES ('UCV6KDgJskWaEckne5aPA0aQ', 4560000, '2016-12-25', 974, 'Graham Stephan', 'As a 30 ye');
INSERT INTO CHANNEL VALUES ('UCBJycsmduvYEL83R_U4JriQ', 17800000, '2008-03-21', 1608, 'Marques Brownlee', 'MKBHD: Qua');
INSERT INTO CHANNEL VALUES ('UCaWd5_7JhbQBe4dknZhsHJg', 25200000, '2007-01-25', 25769, 'WatchMojo.com', 'Top 10 lis');
INSERT INTO CHANNEL VALUES ('UC2D2CMWXMOVWx7giW1n3LIg', 4380000, '2013-04-21', 184, 'Andrew Huberman', 'Welcome to');
INSERT INTO CHANNEL VALUES ('UC2KfmYEM4KCuA1ZurravgYw', 684000, '2010-10-04', 414, 'Amigoscode', '');
INSERT INTO CHANNEL VALUES ('UCQYMhOMi_Cdj1CEAU-fv80A', 2340000, '2014-07-29', 2549, 'Neso Academy', 'REDEFINING');
INSERT INTO CHANNEL VALUES ('UCIhYRVcXOwT78VlWmubUX0g', 17, '2014-10-26', 4, 'Mr billion', '');
INSERT INTO CHANNEL VALUES ('UC4SVo0Ue36XCfOyb5Lh1viQ', 1400000, '2019-10-10', 643, 'Bro Code', 'Coding boo');
INSERT INTO CHANNEL VALUES ('UC8butISFwT-Wl7EV0hUK0BQ', 8680000, '2014-12-16', 1548, 'freeCodeCamp.org', 'Learn to c');
INSERT INTO CHANNEL VALUES ('UCpKXTEQJDiOtfeLa23_U5hg', 803000, '2008-11-16', 1342, 'Kamp Kenan', 'Kamp Kenan');
INSERT INTO CHANNEL VALUES ('UCN7gui0EQHP-xOihtVARRDA', 242000, '2021-09-28', 355, 'Under The Influence Show', 'Your favor');
INSERT INTO CHANNEL VALUES ('UCP0ok1nSEenuz-e_ulNAJjg', 1530000, '2017-07-14', 464, 'ProducerMichael', 'A look in ');
INSERT INTO CHANNEL VALUES ('UCiDJtJKMICpb9B1qf7qjEOA', 6480000, '2010-03-08', 6515, 'Adam Savage’s Tested', 'Adam Savag');
INSERT INTO CHANNEL VALUES ('UCfPhyExfcaqJBKc3HO3cNBw', 2030000, '2012-07-10', 6808, 'JustKiddingNews', 'JustKiddin');
INSERT INTO CHANNEL VALUES ('UC4HttNRwamCTHVu_H6i-uvw', 166000, '2021-12-25', 705, 'Fed Reacts', 'Im a form');
INSERT INTO CHANNEL VALUES ('UCAQHQEO4QpI5dXtr3vLoFCg', 3450000, '2017-08-24', 436, 'The Detail Geek', 'Hey! Im M');
INSERT INTO CHANNEL VALUES ('UCXuqSBlHAE6Xw-yeJA0Tunw', 15400000, '2008-11-25', 6653, 'Linus Tech Tips', 'Linus Tech');
INSERT INTO CHANNEL VALUES ('UC5nc_ZtjKW1htCVZVRxlQAQ', 12800000, '2010-04-09', 3582, 'MrSuicideSheep', 'On this ch');
INSERT INTO CHANNEL VALUES ('UCMyOj6fhvKFMjxUCp3b_3gA', 13000000, '2016-01-27', 778, 'Nick DiGiovanni', 'Anyone can');
INSERT INTO CHANNEL VALUES ('UCwiTOchWeKjrJZw7S1H__1g', 4860000, '2017-10-17', 1868, 'Insider Food', 'What you w');
INSERT INTO CHANNEL VALUES ('UCamOhwLG5yGainNSkCfWrSA', 120000, '2012-05-03', 250, 'Adam Swords', 'At 26 year');
INSERT INTO CHANNEL VALUES ('UC0CRYvGlWGlsGxBNgvkUbAg', 5730000, '2012-02-07', 578, 'Gravity Transformation - Fat Loss Experts', 'Discover t');
INSERT INTO CHANNEL VALUES ('UCRd9JHiQvqwT8O4d0QGI9jQ', 1960000, '2009-09-03', 1760, 'Scam Nation', 'Scam Natio');
INSERT INTO CHANNEL VALUES ('UCpJmBQ8iNHXeQ7jQWDyGe3A', 3220000, '2013-04-01', 647, 'Life Noggin', 'Building k');
INSERT INTO CHANNEL VALUES ('UCvJiYiBUbw4tmpRSZT2r1Hw', 4640000, '2006-12-04', 2163, 'Science Channel', 'Learn abou');
INSERT INTO CHANNEL VALUES ('UC8cP3F7DseB_k-D1Afmstzw', 951000, '2015-08-29', 2098, 'American Eye', 'From the M');
INSERT INTO CHANNEL VALUES ('UC65afEgL62PGFWXY7n6CUbA', 14100000, '2012-10-12', 2839, 'Trap City', 'Welcome to');
INSERT INTO CHANNEL VALUES ('UCrZsKQXXq652czHn8XmOIEw', 348000, '2015-03-07', 541, 'Chill City', 'Chill City');
INSERT INTO CHANNEL VALUES ('UCeSRjhfeeqIgr--AcP9qhyg', 11000000, '2006-11-21', 1901, 'Guinness World Records', 'We want to');
INSERT INTO CHANNEL VALUES ('UCHy8o-_zR_vHqpPN4uNUvkg', 2090000, '2020-03-15', 876, '푸디랜드 FoodieLand', 'Hello, thi');
INSERT INTO CHANNEL VALUES ('UCeSRjhfeeqIgr--AcP9qhyg', 11000000, '2006-11-21', 1901, 'Guinness World Records', 'We want to');
INSERT INTO CHANNEL VALUES ('UC3w193M5tYPJqF0Hi-7U-2g', 11200000, '2008-11-23', 4955, 'Dr. Eric Berg DC', 'Dr. Eric B');
INSERT INTO CHANNEL VALUES ('UCCvcd0FYi58LwyTQP9LITpA', 5100000, '2016-04-24', 1729, 'Soft White Underbelly', 'Soft White');
INSERT INTO CHANNEL VALUES ('UC_pT_Iz6XjuM-eMTlXghdfw', 5530000, '2020-07-26', 495, 'Max the Meat Guy', 'I live for');


INSERT into VIDEO values ('7__r4FVj-EI', 'UCY1kMZp36IQSyNx_9h4mpCg', 'Octopus vs Underwater Maze', '2023-11-24', 425498, '00:17:13', 10862717, 'I, for one, welcome our O');
INSERT into VIDEO values ('JdFRjsEZrmU', 'UCY1kMZp36IQSyNx_9h4mpCg', 'Acid vs Lava- Testing Liquids That Melt Everything', '2023-11-18', 532073, '00:20:37', 20186689, 'Most people I asked predi');
INSERT into VIDEO values ('fS97ytWlyGM', 'UCY1kMZp36IQSyNx_9h4mpCg', 'Destroying a $500,000 Gold Prime Bottle', '2023-11-06', 1563551, '00:00:48', 32443142, '');
INSERT into VIDEO values ('Zb01RStdzEs', 'UCY1kMZp36IQSyNx_9h4mpCg', 'Candy Thieves vs Rigged Candy Bowl', '2023-11-01', 620967, '00:18:36', 20673411, 'Candy bowl thieves are te');
INSERT into VIDEO values ('DUIjzXxUZNQ', 'UCY1kMZp36IQSyNx_9h4mpCg', '80mph Tennis Balls Shot at @ajr', '2023-10-03', 1056454, '00:00:49', 20580732, '');
INSERT into VIDEO values ('R8a5VtoeaJQ', 'UCvsc5fJo7hjmV06qLs6LNUQ', 'New Gadgets/EASY LIFE @KabitasKitchen @newgadgetsss @MrYonker53 @KitchenNightmares @WowGadgets', '2022-07-06', 0, '00:07:17', 8, 'EASY LIFENew Gadgets/EASY');
INSERT into VIDEO values ('kDMI7xt_kIA', 'UCvsc5fJo7hjmV06qLs6LNUQ', 'like my vidio and subscribe my channel Eid ka bakra#bakraeid2022 #bakraeidspecial', '2022-07-06', 0, '00:00:33', 5, 'New gadgets subscribe my ');
INSERT into VIDEO values ('tZ1bFHKqHWg', 'UCvsc5fJo7hjmV06qLs6LNUQ', 'Meri poori vidio Deko agr koi chiz Pasand ho to comment me bataye agly vidio me apko link mil jayega', '2022-06-30', 1, '00:08:07', 6, 'Meri poori vidio Deko agr');
INSERT into VIDEO values ('KWjF_kvlvR0', 'UCvsc5fJo7hjmV06qLs6LNUQ', 'funnyvidiosubscribe mychannel and like my funny vidio#uae#dobai#vidioviral#lEASYLIFEKITCHENUTENSILS#', '2022-06-26', 3, '00:00:12', 6, '');
INSERT into VIDEO values ('exj1hBKXaXo', 'UCvsc5fJo7hjmV06qLs6LNUQ', 'musafirkaliue#uae#dobai#arabemirateslikemyvidioandsubscribemychannelsharekro#EASYLIFEKITCHENUTENSILS', '2022-06-26', 0, '00:00:39', 6, '');
INSERT into VIDEO values ('8w5aPJA7jGI', 'UC4AGeYoOM9lRH6-L7wNFgTQ', 'ABANDONING LCS: Evil Geniuses and Golden Guardians leave LoL - The Four Horsemen S2E14 (feat. Danan)', '2023-11-27', 701, '02:35:42', 25455, 'Evil Geniuses and Golden ');
INSERT into VIDEO values ('tgPzgQBDIwM', 'UC4AGeYoOM9lRH6-L7wNFgTQ', 'World FINALS breakdown / EG and GGS OUT / The most EXCITING roster rumors - Power Spike S2E35', '2023-11-25', 810, '01:34:38', 33001, 'Worlds 2023 is over and P');
INSERT into VIDEO values ('Uvn1FE0cieQ', 'UC4AGeYoOM9lRH6-L7wNFgTQ', 'Fakers FOURTH title / EG and GG abandon the LCS / Rostermania BEGINS - Summoning Insight S6E42', '2023-11-22', 881, '03:44:07', 57819, 'The 2023 League of Legend');
INSERT into VIDEO values ('hJS4DHtr9X4', 'UC4AGeYoOM9lRH6-L7wNFgTQ', 'T1 or WEIBO: Doms dilemma / Breaking down JDGs semi-finals performance - Power Spike S2E34', '2023-11-13', 1492, '01:14:18', 78821, 'The Worlds semi-finals ar');
INSERT into VIDEO values ('2AI3SvZYVfU', 'UC4AGeYoOM9lRH6-L7wNFgTQ', 'T1 vs JDG: the ULTIMATE Worlds showdown / LCS roster rumors / Worlds semi-finals - Power Spike S2E33', '2023-11-07', 1149, '01:29:48', 62100, 'Teams in the West already');
INSERT into VIDEO values ('2yHr9DPnSzk', 'UCSHZKyawb77ixDdsGog4iWA', 'Michael Malice: Thanksgiving Pirate Special | Lex Fridman Podcast #402', '2023-11-25', 7887, '01:39:02', 295780, 'Michael Malice is a polit');
INSERT into VIDEO values ('r4wLXNydzeY', 'UCSHZKyawb77ixDdsGog4iWA', 'John Mearsheimer: Israel-Palestine, Russia-Ukraine, China, NATO, and WW3 | Lex Fridman Podcast #401', '2023-11-17', 37021, '03:26:42', 1785153, 'John Mearsheimer is an in');
INSERT into VIDEO values ('JN3KPFbWCy8', 'UCSHZKyawb77ixDdsGog4iWA', 'Elon Musk: War, AI, Aliens, Politics, Physics, Video Games, and Humanity | Lex Fridman Podcast #400', '2023-11-09', 114569, '02:16:47', 5481236, 'Elon Musk is CEO of X, xA');
INSERT into VIDEO values ('co_MeKSnyAo', 'UCSHZKyawb77ixDdsGog4iWA', 'Jared Kushner: Israel, Palestine, Hamas, Gaza, Iran, and the Middle East | Lex Fridman Podcast #399', '2023-10-11', 33770, '03:48:39', 1786560, 'Jared Kushner is a former');
INSERT into VIDEO values ('MVYrJJNdrEg', 'UCSHZKyawb77ixDdsGog4iWA', 'Mark Zuckerberg: First Interview in the Metaverse | Lex Fridman Podcast #398', '2023-09-28', 70793, '01:04:39', 2507016, 'Mark Zuckerberg is CEO of');
INSERT into VIDEO values ('YbmJjhBG56A', 'UCMSYZVlQmyG8_2MkIKzg0kw', 'Ben Mallah On The 2024 Housing Bubble, Getting Rich, & Going Broke', '2023-11-26', 4346, '01:34:29', 163812, 'Oracle: Free test drive o');
INSERT into VIDEO values ('gNn-ZoE75P8', 'UCMSYZVlQmyG8_2MkIKzg0kw', 'Why Veterans Have a Hard Time Getting Jobs After the Military', '2023-11-24', 4697, '00:00:30', 100879, 'Full Vid: https://youtu.b');
INSERT into VIDEO values ('GIyvXmWdAyM', 'UCMSYZVlQmyG8_2MkIKzg0kw', 'Navy Seals Need To Get Paid More!!', '2023-11-23', 11104, '00:00:26', 285731, 'Full Vid: https://youtu.b');
INSERT into VIDEO values ('WO2bek1ov_M', 'UCMSYZVlQmyG8_2MkIKzg0kw', 'The Reality Of Becoming a Navy Seal', '2023-11-22', 38221, '00:00:52', 619320, 'Full Vid: https://youtu.b');
INSERT into VIDEO values ('OWserfpkMao', 'UCMSYZVlQmyG8_2MkIKzg0kw', 'A Navy Seal Saved MrBallens Life From a Grenade Explosion ✊', '2023-11-21', 14608, '00:00:57', 253351, 'Full Vid: https://youtu.b');
INSERT into VIDEO values ('_yjc8AulnDk', 'UC4QZ_LsYcvcq7qOsOhpAX4A', 'The Entire OpenAI Chaos Explained', '2023-11-27', 15558, '00:15:33', 351843, 'Go to https://incogni.com');
INSERT into VIDEO values ('uiGl6oF5-cE', 'UC4QZ_LsYcvcq7qOsOhpAX4A', 'Meta Just Achieved Mind-Reading Using AI', '2023-11-18', 27945, '00:18:17', 868613, 'Go to https://brilliant.o');
INSERT into VIDEO values ('V68RE0M8zhk', 'UC4QZ_LsYcvcq7qOsOhpAX4A', 'Qualcomm Takes on Apple: The Battle For Chip Speed', '2023-11-07', 23930, '00:13:24', 550515, 'In this episode we dive i');
INSERT into VIDEO values ('8uhidHKAX4M', 'UC4QZ_LsYcvcq7qOsOhpAX4A', 'FTX Founder Faces 115 Years in Jail', '2023-11-04', 23563, '00:11:28', 622958, 'Sam Bankman-Fried and his');
INSERT into VIDEO values ('4qDIkbCTf8A', 'UC4QZ_LsYcvcq7qOsOhpAX4A', 'Inside China’s Property Collapse (Evergrande Disaster)', '2023-09-26', 31820, '00:21:39', 991451, 'Visit https://brilliant.o');
INSERT into VIDEO values ('bOzKvZPrKTY', 'UCnYMOamNKLGVlJgRUbamveA', 'Alcohol, Sugar & Weed Are Worse Than You Think! - The Man Who Predicts When Youll Die | Gary Brecka', '2023-11-21', 2677, '02:50:49', 113140, 'Reclaim Control of Your L');
INSERT into VIDEO values ('BUBnvfZaF9w', 'UCnYMOamNKLGVlJgRUbamveA', '99% Of People Watching This Will Stay Broke - Will You Be The 1% That Builds Wealth? | Morgan Housel', '2023-11-14', 3736, '02:41:19', 167481, 'Reclaim Control of Your L');
INSERT into VIDEO values ('aFcm6Ult45s', 'UCnYMOamNKLGVlJgRUbamveA', '"Whats Coming Is Worse Than A Market Crash" - Prepare For Rising Conflict In 2024 | Ray Dalio', '2023-11-07', 6761, '02:39:57', 401928, 'Kickstart Your Business i');
INSERT into VIDEO values ('e7xUxi4JOSo', 'UCnYMOamNKLGVlJgRUbamveA', '"This Is Why The Market Hasnt Crashed Yet!" - How It Could Be WORSE Than 2008 | Patrick Bet David', '2023-11-03', 16082, '02:03:04', 826733, 'Kickstart Your Business i');
INSERT into VIDEO values ('7Q0fB-l4IRA', 'UCnYMOamNKLGVlJgRUbamveA', 'MASS PSYCHOSIS: How An Entire Population Becomes Stupid & How To Get Ahead Of Everyone | Dan Ariely', '2023-10-31', 2717, '03:14:30', 132429, 'Kickstart Your Business b');
INSERT into VIDEO values ('h05g8AbXW2c', 'UCV6KDgJskWaEckne5aPA0aQ', 'The Auto Market Bubble Just Popped', '2023-11-22', 17214, '00:14:19', 485816, 'The first 100 people to u');
INSERT into VIDEO values ('VDqAww1Dby0', 'UCV6KDgJskWaEckne5aPA0aQ', 'It Started: The Reverse Market Crash Of 2024', '2023-11-15', 20041, '00:12:23', 551404, 'Here is my response to @V');
INSERT into VIDEO values ('n9xn_H4kGgk', 'UCV6KDgJskWaEckne5aPA0aQ', 'Fox News Cancelled Me', '2023-11-08', 29506, '00:12:55', 689313, 'Here are my thoughts on w');
INSERT into VIDEO values ('i76z_Cwg2Qg', 'UCV6KDgJskWaEckne5aPA0aQ', 'Power Couple Makes $2500/Day From Dog Daycare', '2023-11-03', 19769, '00:00:56', 466078, 'Doggy Daycare Hotel Makes');
INSERT into VIDEO values ('Jkly2r-pa_A', 'UCV6KDgJskWaEckne5aPA0aQ', 'BREAKING: The FED Pauses Rates, Housing Declines, Recession Cancelled', '2023-11-01', 16849, '00:15:04', 524575, 'Get an exclusive @Surfsha');
INSERT into VIDEO values ('cn5DsF9FXls', 'UCBJycsmduvYEL83R_U4JriQ', 'This Smartwatch is $69!', '2023-11-22', 70240, '00:09:10', 2278921, 'This smartwatch is $69. B');
INSERT into VIDEO values ('YWTgoUqm3tY', 'UCBJycsmduvYEL83R_U4JriQ', 'Electric Scooter INSIDE a Briefcase!', '2023-11-20', 68772, '00:01:00', 1277427, 'Honda Motocompacto');
INSERT into VIDEO values ('t4ejFV6n4b8', 'UCBJycsmduvYEL83R_U4JriQ', 'M3 Macbook Pro Impressions: Is It Enough?', '2023-10-31', 120005, '00:11:09', 3529186, 'Matte space black laptops');
INSERT into VIDEO values ('piYf4gDthjY', 'UCBJycsmduvYEL83R_U4JriQ', 'iPhone 15/15 Pro Unboxing and Second Look!', '2023-09-19', 212442, '00:11:21', 7387143, 'iPhone 15 unboxings and e');
INSERT into VIDEO values ('FNnK1J-BdiM', 'UCBJycsmduvYEL83R_U4JriQ', 'The Worlds Largest iPhone Has a Secret...', '2023-06-22', 1407595, '00:00:56', 25109636, '7 foot tall iPhone showed');
INSERT into VIDEO values ('XvZpnz0RP2k', 'UCaWd5_7JhbQBe4dknZhsHJg', 'Top 10 Historical Inaccuracies in Horror Movies', '2023-11-28', 458, '00:10:49', 6521, 'Were things really that h');
INSERT into VIDEO values ('0i5Tm0iKvqg', 'UCaWd5_7JhbQBe4dknZhsHJg', 'Top 10 CSI Episodes That Mirror True Events', '2023-11-28', 216, '00:13:21', 5081, 'Its always creepy  when ');
INSERT into VIDEO values ('fZ4RwUaxy1U', 'UCaWd5_7JhbQBe4dknZhsHJg', 'Top 10 Most Disturbing Celeb Interviews Because of What We Know Now', '2023-11-28', 1298, '00:11:19', 27587, 'In retrospect, these cele');
INSERT into VIDEO values ('Z55_W7rrd4Q', 'UCaWd5_7JhbQBe4dknZhsHJg', '10 Influencer Meltdowns Caught on Camera', '2023-11-27', 1145, '00:12:03', 28115, 'These influencer meltdown');
INSERT into VIDEO values ('4HfdsJcxJmw', 'UCaWd5_7JhbQBe4dknZhsHJg', 'Top 10 WORST Video Games of 2023', '2023-11-27', 1113, '00:12:45', 31855, 'We pity any players that ');
INSERT into VIDEO values ('wG3UFHR1o48', 'UC2D2CMWXMOVWx7giW1n3LIg', 'How to Stop Hiccups Using a Science-Supported Tool', '2023-11-27', 1241, '00:00:57', 14079, 'In this excerpt from the ');
INSERT into VIDEO values ('3gtvNYa3Nd8', 'UC2D2CMWXMOVWx7giW1n3LIg', 'Dr. Adam Grant: How to Unlock Your Potential, Motivation & Unique Abilities', '2023-11-27', 3057, '03:12:22', 78633, 'In this episode, my guest');
INSERT into VIDEO values ('wAZn9dF3XTo', 'UC2D2CMWXMOVWx7giW1n3LIg', 'A Science-Supported Journaling Protocol to Improve Mental & Physical Health', '2023-11-20', 7517, '01:38:22', 220260, 'In this episode, I explai');
INSERT into VIDEO values ('eC9fiJBdMG0', 'UC2D2CMWXMOVWx7giW1n3LIg', 'LIVE EVENT Q&A: Dr. Andrew Huberman Question & Answer in Toronto, ON', '2023-11-15', 2681, '00:39:08', 104228, 'Recently I had the pleasu');
INSERT into VIDEO values ('W5zqC5cYcS0', 'UC2D2CMWXMOVWx7giW1n3LIg', 'How Tone of Voice Shapes Emotional State of Listeners', '2023-11-14', 7293, '00:00:58', 117449, 'In a recent Huberman Lab ');
INSERT into VIDEO values ('G_ZNxPGQm60', 'UC2KfmYEM4KCuA1ZurravgYw', 'Linux and Shell Scripting Course OUT NOW - 10 Hours', '2023-11-27', 156, '00:07:03', 2316, 'Unlock the power of Linux');
INSERT into VIDEO values ('WF-UbTSaV-0', 'UCQYMhOMi_Cdj1CEAU-fv80A', 'Python Special Programs - Armstrong Number', '2023-11-24', 61, '00:17:30', 4381, 'Python Programming: Pytho');
INSERT into VIDEO values ('oOCromcWnfc', 'UCQYMhOMi_Cdj1CEAU-fv80A', 'FIRST() and FOLLOW() Functions', '2023-02-12', 1520, '00:11:53', 105320, 'Compiler Design: FIRST() ');
INSERT into VIDEO values ('yvdtwKF87Ts', 'UCQYMhOMi_Cdj1CEAU-fv80A', 'Representations of Floating Point Numbers', '2022-12-04', 1515, '00:13:50', 87677, 'COA: Representations of F');
INSERT into VIDEO values ('OMwgGL3lHlI', 'UCQYMhOMi_Cdj1CEAU-fv80A', 'Introduction to Database Management Systems (DBMS)', '2022-08-04', 1331, '00:09:38', 118177, 'DBMS: Introduction
Topics');
INSERT into VIDEO values ('EZTQ61njgKI', 'UCQYMhOMi_Cdj1CEAU-fv80A', 'Subnetting (Solved Problem 1)', '2022-07-18', 2829, '00:12:59', 191500, 'Computer Networks: Subnet');
INSERT into VIDEO values ('uezin-IAsfU', 'UCIhYRVcXOwT78VlWmubUX0g', 'Nigeria election INEC is our problem', '2023-02-25', 1, '00:00:21', 2, '');
INSERT into VIDEO values ('P-1HvOEA9xs', 'UCIhYRVcXOwT78VlWmubUX0g', 'CR7 super hat trick @alnahareg @CR7HDTV1 @CR7youtubeShorts', '2023-02-10', 0, '00:08:05', 4, '');
INSERT into VIDEO values ('KE4RHnKMgNc', 'UCIhYRVcXOwT78VlWmubUX0g', 'CR7 vs PSG @KazaHighlights @KatyPerry', '2023-01-21', 4, '00:15:00', 26, 'CR7 vs PSG @NassifZeytoun');
INSERT into VIDEO values ('tUJn8Fi8Aqg', 'UCIhYRVcXOwT78VlWmubUX0g', 'fast food', '2022-12-22', 1, '01:01:48', 6, 'easiest way to get your f');
INSERT into VIDEO values ('2glfqa-ZbNw', 'UC4SVo0Ue36XCfOyb5Lh1viQ', 'Build this JS Digital Clock in 10 minutes!', '2023-11-27', 58, '00:10:48', 886, '#JavaScript #tutorial #co');
INSERT into VIDEO values ('PXilNmL9U80', 'UC4SVo0Ue36XCfOyb5Lh1viQ', 'Build this JavaScript Dice Roller program', '2023-11-25', 86, '00:14:12', 2035, '#JavaScript #tutorial #co');
INSERT into VIDEO values ('9amAW_qXv84', 'UC4SVo0Ue36XCfOyb5Lh1viQ', 'JavaScript console.time() is awesome!', '2023-11-25', 57, '00:04:40', 910, '// console.time() = tool ');
INSERT into VIDEO values ('shWr5DNVeCI', 'UC4SVo0Ue36XCfOyb5Lh1viQ', 'Learn JavaScript setTimeout() in 6 minutes!', '2023-11-25', 47, '00:06:13', 737, '00:00:00 introduction
00:');
INSERT into VIDEO values ('beZfCfiuIkA', 'UC4SVo0Ue36XCfOyb5Lh1viQ', 'Learn JavaScript CLOSURES in 10 minutes!', '2023-11-24', 51, '00:10:58', 1339, '// closure = A function d');
INSERT into VIDEO values ('zA8guDqfv40', 'UC8butISFwT-Wl7EV0hUK0BQ', 'AWS Cloud Complete Bootcamp Course', '2023-11-27', 4679, 'None', 54459, 'The AWS Cloud Project Boo');
INSERT into VIDEO values ('hDKCxebp88A', 'UC8butISFwT-Wl7EV0hUK0BQ', 'Machine Learning with Python and Scikit-Learn – Full Course', '2023-11-22', 3345, '18:00:35', 89878, 'This course is a practica');
INSERT into VIDEO values ('k_V5VvYSlS4', 'UC8butISFwT-Wl7EV0hUK0BQ', 'Go Programming Tutorial – 3 Beginner Projects', '2023-11-21', 763, '01:46:12', 26693, 'Improve you Go programmin');
INSERT into VIDEO values ('HSZ_uaif57o', 'UC8butISFwT-Wl7EV0hUK0BQ', 'Learn LangChain.js - Build LLM apps with JavaScript and OpenAI', '2023-11-20', 957, '01:39:27', 33375, 'LangChain.js is a framewo');
INSERT into VIDEO values ('DPqiIzK97K0', 'UC8butISFwT-Wl7EV0hUK0BQ', 'Arduino Course for Everybody', '2023-11-08', 9029, '10:28:56', 176465, 'Master the Arduino, a ver');
INSERT into VIDEO values ('Lp1k-GG36a4', 'UCpKXTEQJDiOtfeLa23_U5hg', 'Incredible Komodo Dragon Face to Face!', '2023-11-26', 1748, '00:20:10', 23965, 'Being face to face with a');
INSERT into VIDEO values ('0b6t6uc5_Rg', 'UCpKXTEQJDiOtfeLa23_U5hg', 'Slinky the Asian Water Monitor loves visits from dad!  #kampkenan #animals #slinky #lizard #reptile', '2023-11-25', 822, '00:00:55', 6172, '');
INSERT into VIDEO values ('4Wyji1ZgQi8', 'UCpKXTEQJDiOtfeLa23_U5hg', 'Kenan’s Dirty Job!', '2023-11-24', 1539, '00:15:34', 15461, 'Taking care of reptiles c');
INSERT into VIDEO values ('BF8J1L4TTak', 'UCpKXTEQJDiOtfeLa23_U5hg', 'You Need to Know about these Iguanas!', '2023-11-21', 2009, '00:12:20', 20909, 'The Lesser Antillean igua');
INSERT into VIDEO values ('QJNXXcf-tlo', 'UCpKXTEQJDiOtfeLa23_U5hg', 'This Rhinos Incredible Story coming on Sunday! #reptiles #kampkenan', '2023-11-09', 649, '00:00:17', 10773, 'This Rhino Iguanas incre');
INSERT into VIDEO values ('bsiE_nwqYkA', 'UCN7gui0EQHP-xOihtVARRDA', 'How to impress future in-laws', '2023-11-27', 301, '00:01:00', 3239, '#inlaws #asian #viettrap ');
INSERT into VIDEO values ('50UHJnAo7mk', 'UCN7gui0EQHP-xOihtVARRDA', 'Why Asians don’t do Thanksgiving', '2023-11-27', 614, '00:00:59', 6388, '#thanksgiving #asian #vie');
INSERT into VIDEO values ('JFpee0VES8g', 'UCN7gui0EQHP-xOihtVARRDA', 'The craziest double date', '2023-11-25', 1068, '00:01:00', 20339, '#clubstories #doubledate ');
INSERT into VIDEO values ('fLWcMKPNxkc', 'UCN7gui0EQHP-xOihtVARRDA', 'Who is your 2 man duo?', '2023-11-25', 306, '00:00:28', 5981, '#wingman #doubledate #dat');
INSERT into VIDEO values ('tENOGNSmj14', 'UCN7gui0EQHP-xOihtVARRDA', 'Why Asians DONT Celebrate Thanksgiving.', '2023-11-24', 1425, '01:27:10', 38126, 'LA & SAN DIEGO…We are thr');
INSERT into VIDEO values ('w43fULhPZ9Q', 'UCP0ok1nSEenuz-e_ulNAJjg', 'Would you wear this $110k diamond HANDCUFF?', '2023-11-27', 443, '00:00:23', 13905, 'Jacob shows us this beaut');
INSERT into VIDEO values ('OWcSra0dPjE', 'UCP0ok1nSEenuz-e_ulNAJjg', 'Biggest, most Expensive Penthouse in Vegas', '2023-11-24', 541, '00:00:14', 20774, 'We toured this opulent pe');
INSERT into VIDEO values ('HEI-y3AXoVE', 'UCP0ok1nSEenuz-e_ulNAJjg', 'The Watches of Shark Tank with Kevin OLeary!', '2023-11-21', 4100, '00:25:44', 135318, 'This week, Kevin OLeary ');
INSERT into VIDEO values ('dQDeMg_Dgsk', 'UCP0ok1nSEenuz-e_ulNAJjg', 'GORGEOUS $110,000 Patek 5131', '2023-11-20', 715, '00:00:12', 22001, 'Last time we visited Seth');
INSERT into VIDEO values ('_BcAzDwUZLI', 'UCP0ok1nSEenuz-e_ulNAJjg', '$500k Lakers NBA ring', '2023-11-17', 1162, '00:00:14', 41230, 'Check out this awesome go');
INSERT into VIDEO values ('WcqiHN-sRmo', 'UCiDJtJKMICpb9B1qf7qjEOA', 'Adam Savages Spy Prop Kit!', '2023-11-27', 2415, '00:43:57', 40891, 'One of Adams favorite mo');
INSERT into VIDEO values ('Z8OezcEX2QY', 'UCiDJtJKMICpb9B1qf7qjEOA', 'What Job Did Adam Savage Quit for MythBusters?', '2023-11-26', 7082, '00:08:43', 168444, 'What gig did Adam Savage ');
INSERT into VIDEO values ('K7kDRpSiKUU', 'UCiDJtJKMICpb9B1qf7qjEOA', 'The Smallest Tool Adam Savage Has Ever Made!', '2023-11-25', 4203, '00:26:33', 110276, 'For Black Friday & Cyber ');
INSERT into VIDEO values ('FsAqYR0gdqQ', 'UCiDJtJKMICpb9B1qf7qjEOA', 'Adam Savage Reacts to Animatronic Buzz Lightyear Robot!', '2023-11-24', 9783, '00:21:48', 346941, 'Adam and Norm finally get');
INSERT into VIDEO values ('ZJvCP8q-SI0', 'UCiDJtJKMICpb9B1qf7qjEOA', 'Adam Savage Reviews a "Perpetual Motion" Machine!', '2023-11-23', 8906, '00:11:46', 244501, 'Adam unboxes a "perpetual');
INSERT into VIDEO values ('K2XRpXRXN9g', 'UCfPhyExfcaqJBKc3HO3cNBw', 'Off The Record: What Do You Love About JK?', '2023-11-28', 577, '00:20:26', 8972, 'Careful Boyz Merch! https');
INSERT into VIDEO values ('u5yS7xuU0lM', 'UCfPhyExfcaqJBKc3HO3cNBw', 'Unco Same shirts now available!', '2023-11-27', 304, '00:00:43', 4224, '');
INSERT into VIDEO values ('SZLNTWk2TbI', 'UCfPhyExfcaqJBKc3HO3cNBw', 'Missing Adventurer Turns Up in a Sharks Stomach', '2023-11-27', 482, '00:15:01', 10164, 'Careful Boyz Merch! https');
INSERT into VIDEO values ('trN8_seLyRE', 'UCfPhyExfcaqJBKc3HO3cNBw', 'REACT to Unco Same Clubbing 101: 16 years later!', '2023-11-27', 1125, '00:23:35', 16850, 'Careful Boyz Merch! https');
INSERT into VIDEO values ('mxNLU3w1W3M', 'UCfPhyExfcaqJBKc3HO3cNBw', 'Esther’s unique robbery story.', '2023-11-27', 1010, '00:00:44', 22125, '');
INSERT into VIDEO values ('VESOkt7865E', 'UC4HttNRwamCTHVu_H6i-uvw', 'Myron Protects Angie Part 2', '2023-11-27', 152, '00:00:22', 1577, 'Wanna be heard? SUPERCHAT');
INSERT into VIDEO values ('uqFq8-qvgNU', 'UC4HttNRwamCTHVu_H6i-uvw', 'Myron Protects Angie Part 1', '2023-11-27', 243, '00:00:40', 2456, 'Wanna be heard? SUPERCHAT');
INSERT into VIDEO values ('TXEe_uuYrs4', 'UC4HttNRwamCTHVu_H6i-uvw', 'Fed Explains Ross Ulbricht & Silk Road', '2023-11-27', 2172, '02:24:39', 17143, 'DMs ON DEMAND BLACK FRIDA');
INSERT into VIDEO values ('UInH9U0t6QA', 'UC4HttNRwamCTHVu_H6i-uvw', 'Why You Dont See Police In Las Vegas', '2023-11-26', 205, '00:00:28', 2919, 'Wanna be heard? SUPERCHAT');
INSERT into VIDEO values ('iwr_bAq-Hn8', 'UC4HttNRwamCTHVu_H6i-uvw', 'Dont Commit A Crime in Las Vegas Part 2', '2023-11-26', 86, '00:00:24', 1283, 'Wanna be heard? SUPERCHAT');
INSERT into VIDEO values ('g6Ae1M_aXig', 'UCAQHQEO4QpI5dXtr3vLoFCg', 'Never Ending Fountain of Mud!', '2023-11-27', 890, '00:00:41', 13834, 'Never Ending Fountain of ');
INSERT into VIDEO values ('lFM5EiXXi0Y', 'UCAQHQEO4QpI5dXtr3vLoFCg', 'Washing Away YEARS of Chain-smoking...', '2023-11-26', 1538, '00:00:30', 25417, 'Washing Away YEARS of Cha');
INSERT into VIDEO values ('k8YYyyWaAw8', 'UCAQHQEO4QpI5dXtr3vLoFCg', 'My Steamer Never Disappoints!', '2023-11-25', 1172, '00:00:20', 19859, 'My Steamer Never Disappoi');
INSERT into VIDEO values ('mn1zT3moQQo', 'UCAQHQEO4QpI5dXtr3vLoFCg', 'Super Satisfying Transformation!', '2023-11-24', 1100, '00:00:55', 18816, 'Super Satisfying Transfor');
INSERT into VIDEO values ('TXLD8GdW3_U', 'UCAQHQEO4QpI5dXtr3vLoFCg', 'I HATED Cleaning This DISASTER Car....Heres Why!', '2023-11-24', 8642, '00:24:09', 166982, 'I HATED Cleaning This DIS');
INSERT into VIDEO values ('ji5kZ3VdFDY', 'UCXuqSBlHAE6Xw-yeJA0Tunw', 'Apple please watch this.', '2023-11-27', 39023, '00:20:21', 883499, 'Buy a Seasonic TX 1000 PS');
INSERT into VIDEO values ('2DGQZ4Nb1ws', 'UCXuqSBlHAE6Xw-yeJA0Tunw', 'Tech Support Told Her To Break the PC', '2023-11-26', 54246, '00:50:09', 1298988, 'Thanks again to UGREEN fo');
INSERT into VIDEO values ('8EXrxGByJJg', 'UCXuqSBlHAE6Xw-yeJA0Tunw', 'I Bought a $300 Gaming PC on TaoBao', '2023-11-25', 45117, '00:19:13', 1163475, 'Purchase a Seasonic FOCUS');
INSERT into VIDEO values ('OYuVkSq2v24', 'UCXuqSBlHAE6Xw-yeJA0Tunw', 'I’m Sweetening the Deal', '2023-11-24', 7108, '02:43:17', 298987, 'Get an XP Gold membership');
INSERT into VIDEO values ('RPUxSw8zk9w', 'UCXuqSBlHAE6Xw-yeJA0Tunw', 'Inside of a $27,000 Gaming PC', '2023-11-24', 16520, '00:00:37', 403604, 'Ever wonder what the insi');
INSERT into VIDEO values ('nXu77PcUvVE', 'UC5nc_ZtjKW1htCVZVRxlQAQ', 'sad alex - smiling at ur text', '2023-11-27', 736, '00:03:13', 10594, '⬙  MrSuicideSheep Links ⬙');
INSERT into VIDEO values ('20Patv6zcSM', 'UC5nc_ZtjKW1htCVZVRxlQAQ', 'LYNY - Home', '2023-11-26', 1331, '00:03:08', 21176, '⬙  MrSuicideSheep Links ⬙');
INSERT into VIDEO values ('EMKWbuPyDUE', 'UC5nc_ZtjKW1htCVZVRxlQAQ', 'Felix Jaehn & Jonas Blue - Past Life (KOVEN Remix)', '2023-11-23', 1505, '00:02:31', 29327, '⬙  MrSuicideSheep Links ⬙');
INSERT into VIDEO values ('Qg8Fde6mE2w', 'UC5nc_ZtjKW1htCVZVRxlQAQ', 'SILK x JIM - On My Mind', '2023-11-22', 1459, '00:02:23', 29766, '⬙  MrSuicideSheep Links ⬙');
INSERT into VIDEO values ('xPvinDlSYKI', 'UC5nc_ZtjKW1htCVZVRxlQAQ', 'DREAMDNVR - Years', '2023-11-21', 1573, '00:02:48', 32057, '⬙  MrSuicideSheep Links ⬙');
INSERT into VIDEO values ('xpV4PeEJxTM', 'UCMyOj6fhvKFMjxUCp3b_3gA', 'Osmo X Walmart', '2023-11-26', 124364, '00:00:59', 1476813, '');
INSERT into VIDEO values ('EV4lSoVulSM', 'UCMyOj6fhvKFMjxUCp3b_3gA', '$1 vs $10,000 Steak', '2023-11-25', 55518, '00:14:47', 1566161, 'Go buy Osmo, available at');
INSERT into VIDEO values ('S4MzgqIhkBk', 'UCMyOj6fhvKFMjxUCp3b_3gA', 'Try Osmo!', '2023-11-24', 75268, '00:00:34', 1234495, 'Thanks to YouTube for spo');
INSERT into VIDEO values ('FFhhGDGV2io', 'UCMyOj6fhvKFMjxUCp3b_3gA', 'Pulled Pork Sliders', '2023-11-22', 386120, '00:00:35', 4709345, '#shorts #sliders #pulledp');
INSERT into VIDEO values ('mD7i7d-QJ44', 'UCMyOj6fhvKFMjxUCp3b_3gA', 'Honeycomb Candy', '2023-11-20', 140608, '00:00:28', 2233296, '#shorts #candy #honeycomb');
INSERT into VIDEO values ('T-OUdPBYd5s', 'UCwiTOchWeKjrJZw7S1H__1g', 'We tried different #Pringles from Italy and the US. #insiderfood #foodwars', '2023-11-27', 268, '00:00:42', 6529, '');
INSERT into VIDEO values ('7mWUtsHf4eE', 'UCwiTOchWeKjrJZw7S1H__1g', 'US vs Italy Pringles | Food Wars | Insider Food', '2023-11-26', 1695, '00:15:49', 58464, 'From calorie count to por');
INSERT into VIDEO values ('IS16jxt950k', 'UCwiTOchWeKjrJZw7S1H__1g', 'Bang Bang Pie has served #Chicago for eight years, crafting each #pie as a labor of love. #foodie', '2023-11-22', 1231, '00:00:57', 31638, '-------------------------');
INSERT into VIDEO values ('22NDMN9qb8Y', 'UCwiTOchWeKjrJZw7S1H__1g', 'Comparing McDonalds In 6 Different Countries | Food Wars | Insider Food', '2023-11-19', 592, '02:12:04', 30726, 'We compared all the items');
INSERT into VIDEO values ('S5TbHPXux9k', 'UCwiTOchWeKjrJZw7S1H__1g', 'US vs Italy McDonalds | Food Wars | Insider Food', '2023-10-29', 7130, '00:38:47', 456922, 'From calorie count to por');
INSERT into VIDEO values ('VH4O1LVxXTc', 'UCamOhwLG5yGainNSkCfWrSA', 'I FOUND A 120 YEAR OLD GHOST TOWN!', '2023-11-26', 451, '00:23:03', 5346, 'In this episode my plans ');
INSERT into VIDEO values ('C0vjQExiLbc', 'UCamOhwLG5yGainNSkCfWrSA', 'I FINALLY finished the Cursed River!', '2023-11-25', 61, '00:01:03', 659, 'If youve been keeping up');
INSERT into VIDEO values ('RLGwMx5vnEE', 'UCamOhwLG5yGainNSkCfWrSA', 'I SUCKED UP SO MUCH GRASS IN TO MY JET SKI!', '2023-11-24', 166, '00:00:31', 7353, 'Thank the lord for the ID');
INSERT into VIDEO values ('T4Uve6UQIho', 'UCamOhwLG5yGainNSkCfWrSA', 'I needed a WINCH for my SeaDoo!', '2023-11-23', 333, '00:00:45', 8600, 'I never thought Id need ');
INSERT into VIDEO values ('alP9fjUNgR0', 'UCamOhwLG5yGainNSkCfWrSA', 'This River Is SO Shallow!', '2023-11-22', 158, '00:01:00', 6829, 'In my latest episode I ba');
INSERT into VIDEO values ('tYCgejaGmfQ', 'UC0CRYvGlWGlsGxBNgvkUbAg', '​​8 Ways to ACTUALLY Burn Fat While Sleeping', '2023-11-26', 2972, '00:10:29', 68416, 'Discover how to actually ');
INSERT into VIDEO values ('36ayBrl8WgQ', 'UC0CRYvGlWGlsGxBNgvkUbAg', '15 BEST Foods to Lose Stubborn Fat', '2023-11-12', 2994, '00:11:24', 56985, 'These are the best foods ');
INSERT into VIDEO values ('raBqhEzT9VE', 'UC0CRYvGlWGlsGxBNgvkUbAg', '​8 Best Supplements to Build Muscle (2024)', '2023-11-05', 4004, '00:12:03', 113038, 'These are the 8 best supp');
INSERT into VIDEO values ('nR8syIt6pEE', 'UC0CRYvGlWGlsGxBNgvkUbAg', 'What Happens After 30 Days of Cold Showers', '2023-11-02', 5831, '00:01:00', 89039, 'Learn what happens after ');
INSERT into VIDEO values ('O-9r_STaLp0', 'UC0CRYvGlWGlsGxBNgvkUbAg', 'What Happens to Your Body on Creatine', '2023-09-21', 6991, '00:00:59', 111400, 'Discover what happens to ');
INSERT into VIDEO values ('RP2TdM4UIY0', 'UCRd9JHiQvqwT8O4d0QGI9jQ', 'What Abracadabra ACTUALLY Means', '2023-11-27', 127, '00:00:15', 4024, 'Thats actually really co');
INSERT into VIDEO values ('3rFN-2k7nS8', 'UCRd9JHiQvqwT8O4d0QGI9jQ', 'Pick Handcuffs With Shoelaces?', '2023-11-27', 75, '00:00:34', 1890, 'Lace Escape Tools availab');
INSERT into VIDEO values ('QOP82kX0j3o', 'UCRd9JHiQvqwT8O4d0QGI9jQ', 'The Hindu Force Shuffle', '2023-11-26', 153, '00:00:17', 7886, 'A GREAT way to force peop');
INSERT into VIDEO values ('tY-aU7hblX8', 'UCRd9JHiQvqwT8O4d0QGI9jQ', 'A Pen That Breaks ALL Locks!', '2023-11-26', 92, '00:00:24', 4428, 'Lock-Proof Pens available');
INSERT into VIDEO values ('FCqNngv8Pso', 'UCRd9JHiQvqwT8O4d0QGI9jQ', 'How to win every coin flip EVER!', '2023-11-25', 393, '00:00:56', 8213, 'This looks so legit!

Ful');
INSERT into VIDEO values ('mb2rZd8x-XQ', 'UCpJmBQ8iNHXeQ7jQWDyGe3A', 'Are Tall People Killing the Planet?', '2023-11-26', 984, '00:04:10', 13518, 'From little to large, cou');
INSERT into VIDEO values ('r_6Cv4uMaak', 'UCpJmBQ8iNHXeQ7jQWDyGe3A', 'The Truth About Black Friday', '2023-11-23', 730, '00:00:38', 11391, 'Unwrapping the mayhem: Th');
INSERT into VIDEO values ('dsmnFt7-4-Q', 'UCpJmBQ8iNHXeQ7jQWDyGe3A', 'How Does Pollination Work?', '2023-11-21', 356, '00:00:32', 5869, 'Natures love story unfol');
INSERT into VIDEO values ('AOFRN68uR2Y', 'UCpJmBQ8iNHXeQ7jQWDyGe3A', 'Education Is A Privilege', '2023-11-14', 546, '00:00:35', 7373, 'Educations doors arent ');
INSERT into VIDEO values ('X2vkvgo8Rr4', 'UCpJmBQ8iNHXeQ7jQWDyGe3A', 'Eat Your Fruits And Vegetables', '2023-11-09', 463, '00:00:35', 6368, 'From apples to zucchini, ');
INSERT into VIDEO values ('Sm0fM19hBYs', 'UCvJiYiBUbw4tmpRSZT2r1Hw', 'Lost Tombs Discovered and Revealed | Unearthed | Science Channel', '2023-11-26', 215, '00:17:14', 5423, 'In this captivating foota');
INSERT into VIDEO values ('9kkMI4kZNSE', 'UCvJiYiBUbw4tmpRSZT2r1Hw', 'How Neutron Stars are Created | How The Universe Works | Science Channel', '2023-11-26', 255, '00:09:00', 14089, 'On this captivating episo');
INSERT into VIDEO values ('arnS-tAvesc', 'UCvJiYiBUbw4tmpRSZT2r1Hw', 'Astonishing discovery of old fort reveals explosive history | What On Earth | Science Channel', '2023-11-25', 336, '00:00:50', 10665, '#shorts #whatonearth #sci');
INSERT into VIDEO values ('C-4M3s_5TY4', 'UCvJiYiBUbw4tmpRSZT2r1Hw', 'The Hidden Secrets of Cincinnati’s Underground Breweries | Underground Marvels | Science Channel', '2023-11-25', 157, '00:08:27', 5756, 'Enter a forgotten era, wh');
INSERT into VIDEO values ('j4vu1_MIZjc', 'UCvJiYiBUbw4tmpRSZT2r1Hw', 'Adam Savage Preps World War 1 Fighter Planes for Battle | Savage Builds | Science Channel', '2023-11-24', 147, '00:08:01', 5682, 'In this episode of Savage');
INSERT into VIDEO values ('RB3EzixZrIo', 'UC8cP3F7DseB_k-D1Afmstzw', 'Why Did The Nazis Have So Many Scars & Other Strange Mysteries From World War II', '2023-11-27', 93, '00:15:49', 1422, 'Subscribe to American Eye');
INSERT into VIDEO values ('2lXLoBQxZrw', 'UC8cP3F7DseB_k-D1Afmstzw', 'Crazy Underwater Submarine Espionage Stories', '2023-11-26', 75, '00:14:42', 1538, 'Subscribe to American Eye');
INSERT into VIDEO values ('eqwy7es8AFs', 'UC8cP3F7DseB_k-D1Afmstzw', 'The Most Important Ships Of All Time', '2023-11-25', 142, '00:39:12', 5361, 'Subscribe to American Eye');
INSERT into VIDEO values ('r21zyda3TZ0', 'UC8cP3F7DseB_k-D1Afmstzw', 'The Most Radioactive Places On Earth', '2023-11-24', 117, '00:41:49', 3290, 'Subscribe to American Eye');
INSERT into VIDEO values ('umvQo8EO1e4', 'UC8cP3F7DseB_k-D1Afmstzw', 'The Dark History Of The Mansion In The Mountains & Other Creepy Places', '2023-11-21', 224, '00:15:34', 18564, 'Subscribe to American Eye');
INSERT into VIDEO values ('YRenEJWjfM8', 'UC65afEgL62PGFWXY7n6CUbA', 'Meanwhile at the SoundCloud HQ', '2023-11-27', 331, '00:00:14', 4984, '');
INSERT into VIDEO values ('JGe825ZAN-8', 'UC65afEgL62PGFWXY7n6CUbA', 'LAUTRE. - Asthenie', '2023-11-26', 508, '00:02:28', 8674, 'LAUTRE. - Asthenie 
Strea');
INSERT into VIDEO values ('tqXzqsqtiYU', 'UC65afEgL62PGFWXY7n6CUbA', '$ayonara. - AKILA.', '2023-11-25', 747, '00:02:15', 11904, '$ayonara. - AKILA.
Stream');
INSERT into VIDEO values ('OeyLkXjqmc0', 'UC65afEgL62PGFWXY7n6CUbA', 'The FifthGuys, JSTN DMND & Rich Fayden - Die For It', '2023-11-24', 587, '00:03:19', 10258, 'The FifthGuys, JSTN DMND ');
INSERT into VIDEO values ('SO8fnj-1KSg', 'UC65afEgL62PGFWXY7n6CUbA', 'Nicki Minaj - Starships (Kosfinger Drill Remix)', '2023-11-23', 618, '00:02:56', 14144, 'Nicki Minaj - Starships (');
INSERT into VIDEO values ('eYRhAjJfEPw', 'UCrZsKQXXq652czHn8XmOIEw', 'Tracy Chapman - Baby Can I Hold You (CYRIL Remix)', '2023-11-26', 73, '00:01:43', 1325, 'Tracy Chapman - Baby Can ');
INSERT into VIDEO values ('j_kkMkIDNdc', 'UCrZsKQXXq652czHn8XmOIEw', 'Celine Dion - Power Of Love (CYRIL TikTok Remix)', '2023-11-18', 627, '00:04:46', 33605, 'Celine Dion - Power Of Lo');
INSERT into VIDEO values ('DDMNNYAYcmk', 'UCrZsKQXXq652czHn8XmOIEw', 'Calvin Harris ft. Sam Smith - Desire (Rivo Remix)', '2023-11-17', 122, '00:04:20', 5846, 'Calvin Harris ft. Sam Smi');
INSERT into VIDEO values ('12JsbKQwY7M', 'UCrZsKQXXq652czHn8XmOIEw', 'Zerb - Mwaki (feat. Sofiya Nzau)', '2023-11-09', 107, '00:03:36', 3597, 'Zerb - Mwaki (feat. Sofiy');
INSERT into VIDEO values ('QIRG91LFyLg', 'UCrZsKQXXq652czHn8XmOIEw', 'Hamza - Slowdown (YellowStraps Cover Remix) (Lyrics)', '2023-11-06', 283, '00:02:04', 16629, 'Hamza - Slowdown (YellowS');
INSERT into VIDEO values ('r0nIMRud_k0', 'UCeSRjhfeeqIgr--AcP9qhyg', 'Fastest time to bounce a ping pong ball into 5 cups - 1.64 seconds by David Rush', '2023-11-27', 627, '00:00:08', 17724, 'Subscribe || https://gwr.');
INSERT into VIDEO values ('EjeW5AYS8Pg', 'UCeSRjhfeeqIgr--AcP9qhyg', 'Fastest to solve a cube whilst hooping with five hoops - 51.24 seconds by N.M. Sri Oviyasena 🇮🇳', '2023-11-26', 1430, '00:00:15', 25991, 'Subscribe || https://gwr.');
INSERT into VIDEO values ('t07DwQgKjtM', 'UCeSRjhfeeqIgr--AcP9qhyg', 'Most darts thrown with the foot in one minute - 9 by Palina Glebova', '2023-11-25', 885, '00:00:17', 37166, 'Subscribe || https://gwr.');
INSERT into VIDEO values ('d9ANu5dlNMQ', 'UCeSRjhfeeqIgr--AcP9qhyg', 'Football Superstars and Nunchuck Masters | Records Weekly - Guinness World Records', '2023-11-24', 394, '00:08:50', 23581, 'Subscribe || https://gwr.');
INSERT into VIDEO values ('nCtjvCErk5w', 'UCeSRjhfeeqIgr--AcP9qhyg', 'This man has won the world gurning championships 18 times!', '2023-11-24', 1002, '00:00:22', 41565, 'Subscribe || https://gwr.');
INSERT into VIDEO values ('r0nIMRud_k0', 'UCeSRjhfeeqIgr--AcP9qhyg', 'Fastest time to bounce a ping pong ball into 5 cups - 1.64 seconds by David Rush 🇺🇸', '2023-11-27', 627, '00:00:08', 17724, 'Subscribe || https://gwr.');
INSERT into VIDEO values ('EjeW5AYS8Pg', 'UCeSRjhfeeqIgr--AcP9qhyg', 'Fastest to solve a cube whilst hooping with five hoops - 51.24 seconds by N.M. Sri Oviyasena 🇮🇳', '2023-11-26', 1430, '00:00:15', 25991, 'Subscribe || https://gwr.');
INSERT into VIDEO values ('t07DwQgKjtM', 'UCeSRjhfeeqIgr--AcP9qhyg', 'Most darts thrown with the foot in one minute - 9 by Palina Glebova 🇩🇪', '2023-11-25', 885, '00:00:17', 37166, 'Subscribe || https://gwr.');
INSERT into VIDEO values ('d9ANu5dlNMQ', 'UCeSRjhfeeqIgr--AcP9qhyg', 'Football Superstars and Nunchuck Masters | Records Weekly - Guinness World Records', '2023-11-24', 394, '00:08:50', 23581, 'Subscribe || https://gwr.');
INSERT into VIDEO values ('nCtjvCErk5w', 'UCeSRjhfeeqIgr--AcP9qhyg', 'This man has won the world gurning championships 18 times!', '2023-11-24', 1002, '00:00:22', 41565, 'Subscribe || https://gwr.');
INSERT into VIDEO values ('Og0kvgaNs7U', 'UC3w193M5tYPJqF0Hi-7U-2g', 'The Dr. Berg Show LIVE - December 1, 2023', '2023-11-27', 20, '00:00:01', 0, 'To find the Dr. Berg App ');
INSERT into VIDEO values ('h81qq8Ne3go', 'UC3w193M5tYPJqF0Hi-7U-2g', 'Dr. Berg Fact-checks the Fact-Checker', '2023-11-27', 12769, '00:21:10', 125859, 'Who fact-checks the fact-');
INSERT into VIDEO values ('TiCi2TeKnQg', 'UC3w193M5tYPJqF0Hi-7U-2g', 'CYBER MONDAY SITEWIDE SALE', '2023-11-27', 506, '00:00:20', 11323, 'USE THIS COUPON CODE: BFC');
INSERT into VIDEO values ('xyNjoCrJW54', 'UC3w193M5tYPJqF0Hi-7U-2g', 'As we age, we lose stomach acid which can cause heartburn, GERD, and acid reflux. #GutHealth #DrBerg', '2023-11-25', 5878, '00:00:50', 82290, 'Dr. Eric Berg DC Bio:
Dr.');
INSERT into VIDEO values ('umInyvjfSbo', 'UC3w193M5tYPJqF0Hi-7U-2g', 'The Dr. Berg Show LIVE - November 24, 2023', '2023-11-24', 1833, '01:03:20', 39375, 'To find the Dr. Berg App ');
INSERT into VIDEO values ('JU7_8epY5OU', 'UCCvcd0FYi58LwyTQP9LITpA', 'Fallen Through the Cracks-Luwana', '2023-11-27', 1730, '00:16:19', 30044, 'Soft White Underbelly int');
INSERT into VIDEO values ('6d5n1s_kpIg', 'UCCvcd0FYi58LwyTQP9LITpA', 'From the Rubble-Brandon', '2023-11-25', 1255, '01:09:36', 44806, 'Soft White Underbelly int');
INSERT into VIDEO values ('Yi2XfM4QINI', 'UCCvcd0FYi58LwyTQP9LITpA', 'COVID Respiratory Therapist interview-Nic', '2023-11-24', 2642, '00:30:03', 69779, 'Soft White Underbelly int');
INSERT into VIDEO values ('55LYXwFulhI', 'UCCvcd0FYi58LwyTQP9LITpA', 'SWU Book promo-Donny', '2023-11-24', 1379, '00:05:26', 35308, 'The Soft White Underbelly');
INSERT into VIDEO values ('xGIFgS1XV1Y', 'UCCvcd0FYi58LwyTQP9LITpA', 'In Memory of...', '2023-11-23', 46269, '00:30:38', 1536713, 'A compilation of clips of');
INSERT into VIDEO values ('cvNd_FNPnkc', 'UC_pT_Iz6XjuM-eMTlXghdfw', '50% off jerky!! (6 more hours)', '2023-11-28', 504, '00:51:41', 13839, '—————
SUBSCRIBE and RING ');
INSERT into VIDEO values ('8eCovKu12h4', 'UC_pT_Iz6XjuM-eMTlXghdfw', 'What I ate in China', '2023-11-26', 103556, '00:00:51', 998520, 'What I ate in China Chec');
INSERT into VIDEO values ('wxeZxUVfZ9A', 'UC_pT_Iz6XjuM-eMTlXghdfw', 'I Fermented Beef in KIMCHI for 10 Days (and ate it)', '2023-11-24', 6084, '00:15:55', 121517, 'We know marinating beef i');
INSERT into VIDEO values ('MchzmS7qu7A', 'UC_pT_Iz6XjuM-eMTlXghdfw', 'Wagyu A5 Steak Accordion', '2023-11-24', 151509, '00:01:00', 1824399, 'Thanks to YouTube for spo');
INSERT into VIDEO values ('xNMTeHu8R8w', 'UC_pT_Iz6XjuM-eMTlXghdfw', 'Deep Fried Turkey', '2023-11-19', 289354, '00:00:36', 3908909, 'Turkey looks different th');

-- BAD VIDEO INSERTS
-- Non-inclusive to emojis
INSERT into VIDEO values ('F30gENvQr5Y', 'UC2KfmYEM4KCuA1ZurravgYw', 'Does it really Matter to you?', '2023-11-27', 56, '00:00:56', 1315, '👍🏿 Subscribe to our newsl');
INSERT into VIDEO values ('HZQmcEeXfS0', 'UC2KfmYEM4KCuA1ZurravgYw', 'Why PR is Good For Developers', '2023-11-26', 96, '00:00:50', 2250, '👍🏿 Subscribe to our newsl');
INSERT into VIDEO values ('ckfiLnc3J1Q', 'UC2KfmYEM4KCuA1ZurravgYw', 'What are Linux Distributions', '2023-11-25', 75, '00:00:40', 1763, '👍🏿 Subscribe to our newsl');
INSERT into VIDEO values ('_w_ib110_JI', 'UC2KfmYEM4KCuA1ZurravgYw', 'Should I Peer Review More?', '2023-11-24', 102, '00:00:43', 2256, '👍🏿 Subscribe to our newsl');
INSERT into VIDEO values ('OWserfpkMao', 'UCMSYZVlQmyG8_2MkIKzg0kw', 'A Navy Seal Saved MrBallens Life From a Grenade Explosion ✊', '2023-11-21', 14608, '00:00:57', 253351, 'Full Vid: https://youtu.b');



INSERT into SPONSOR VALUES('CrunchLabs', 'https://www.crunchlabs.com/');
INSERT INTO SPONSOR VALUES('Roblox','https://www.roblox.com/');
INSERT INTO SPONSOR VALUES('Trolli','https://www.trolli.com/');
INSERT INTO SPONSOR VALUES('TheFreezePipe','https://thefreezepipe.com/');
INSERT INTO SPONSOR VALUES('LiquidIV','https://www.liquid-iv.com/');
INSERT INTO SPONSOR VALUES('Policygenius','https://www.policygenius.com/');
INSERT INTO SPONSOR VALUES('MasterClass','https://www.masterclass.com/');
INSERT INTO SPONSOR VALUES('Shopify','https://www.shopify.com/');
INSERT INTO SPONSOR VALUES('BetterHelp','https://www.betterhelp.com/');
INSERT INTO SPONSOR VALUES('Eightsleep','https://www.eightsleep.com/');
INSERT INTO SPONSOR VALUES('Notion','https://www.notion.so/');
INSERT INTO SPONSOR VALUES('ExpressVPN','https://www.expressvpn.com/');
INSERT INTO SPONSOR VALUES('LMNT','https://drinklmnt.com/');
INSERT INTO SPONSOR VALUES('Simplisafe','https://simplisafe.com/');

INSERT INTO SPONSOR VALUES('InsideTracker','https://www.insidetracker.com/');
INSERT INTO SPONSOR VALUES('AG1','https://drinkag1.com/');
INSERT INTO SPONSOR VALUES('Oracle-Cloud','https://www.oracle.com/cloud/');
INSERT INTO SPONSOR VALUES('StreamYard','https://streamyard.com/');
INSERT INTO SPONSOR VALUES('Incogni','https://incogni.com/');
INSERT INTO SPONSOR VALUES('Brilliant','https://brilliant.org/');
INSERT INTO SPONSOR VALUES('Plunge','https://plunge.com/');
INSERT INTO SPONSOR VALUES('Anthros','https://www.anthros.com/');
INSERT INTO SPONSOR VALUES('Oracle-Netsuite','https://www.netsuite.com/portal/home.shtml?noredirect=T');
INSERT INTO SPONSOR VALUES('Kajabi','https://kajabi.com/');
INSERT INTO SPONSOR VALUES('Webull','https://www.webull.com/');

