-- SQLBook: Code
-- Category Insert
INSERT INTO CATEGORY VALUES (1, 'Film & Animation', 10000000);
INSERT INTO CATEGORY VALUES (2, 'Music', 10000000);
INSERT INTO CATEGORY VALUES (3, 'Sports');
INSERT INTO CATEGORY VALUES (4, 'Travel & Events', 10000000);
INSERT INTO CATEGORY VALUES (5, 'Gaming', 10000000);
INSERT INTO CATEGORY VALUES (6, 'Education', 10000000);
INSERT INTO CATEGORY VALUES (7, 'Science & Technology', 10000000);
INSERT INTO CATEGORY VALUES (8, 'Autos & Vehicles', 10000000);
INSERT INTO CATEGORY VALUES (9, 'Pets & Animals', 10000000);
INSERT INTO CATEGORY VALUES (10, 'Nonprofits & Activism', 10000000);
INSERT INTO CATEGORY VALUES (11, 'People & Blogs', 10000000);
INSERT INTO CATEGORY VALUES (12, 'Comedy', 10000000);
INSERT INTO CATEGORY VALUES (13, 'Entertainment', 10000000);
INSERT INTO CATEGORY VALUES (14, 'News & Politics', 10000000);
INSERT INTO CATEGORY VALUES (15, 'Howto & Style', 10000000);

INSERT INTO CHANNEL VALUES ('UCY1kMZp36IQSyNx_9h4mpCg', 28100000, '2011-10-20', 130, 'Mark Rober', 'Former NAS');
INSERT INTO CHANNEL VALUES ('UCvsc5fJo7hjmV06qLs6LNUQ', 6, '2022-06-11', 20, 'EASY LIFE', 'Life is be');
INSERT INTO CHANNEL VALUES ('UC4AGeYoOM9lRH6-L7wNFgTQ', 77000, '2014-11-02', 1035, 'Last Free Nation', 'Last Free ');
INSERT INTO CHANNEL VALUES ('UCSHZKyawb77ixDdsGog4iWA', 3420000, '2006-09-20', 784, 'Lex Fridman', 'Lex Fridma');
INSERT INTO CHANNEL VALUES ('UCMSYZVlQmyG8_2MkIKzg0kw', 812000, '2020-05-16', 387, 'The Iced Coffee Hour', 'All of the');
INSERT INTO CHANNEL VALUES ('UC4QZ_LsYcvcq7qOsOhpAX4A', 4680000, '2007-12-03', 479, 'ColdFusion', 'Hi, my nam');
INSERT INTO CHANNEL VALUES ('UCnYMOamNKLGVlJgRUbamveA', 3890000, '2016-11-10', 1053, 'Tom Bilyeu', 'If you’re ');
INSERT INTO CHANNEL VALUES ('UCV6KDgJskWaEckne5aPA0aQ', 4560000, '2016-12-25', 974, 'Graham Stephan', 'As a 30 ye');
INSERT INTO CHANNEL VALUES ('UCBJycsmduvYEL83R_U4JriQ', 17800000, '2008-03-21', 1608, 'Marques Brownlee', 'MKBHD: Qua');
INSERT INTO CHANNEL VALUES ('UCaWd5_7JhbQBe4dknZhsHJg', 25200000, '2007-01-25', 25769, 'WatchMojo.com', 'Top 10 lis');
INSERT INTO CHANNEL VALUES ('UC2D2CMWXMOVWx7giW1n3LIg', 4380000, '2013-04-21', 184, 'Andrew Huberman', 'Welcome to');
INSERT INTO CHANNEL VALUES ('UC2KfmYEM4KCuA1ZurravgYw', 684000, '2010-10-04', 414, 'Amigoscode', '');
INSERT INTO CHANNEL VALUES ('UCQYMhOMi_Cdj1CEAU-fv80A', 2340000, '2014-07-29', 2549, 'Neso Academy', 'REDEFINING');
INSERT INTO CHANNEL VALUES ('UCIhYRVcXOwT78VlWmubUX0g', 17, '2014-10-26', 4, 'Mr billion', '');
INSERT INTO CHANNEL VALUES ('UC4SVo0Ue36XCfOyb5Lh1viQ', 1400000, '2019-10-10', 643, 'Bro Code', 'Coding boo');
INSERT INTO CHANNEL VALUES ('UC8butISFwT-Wl7EV0hUK0BQ', 8680000, '2014-12-16', 1548, 'freeCodeCamp.org', 'Learn to c');
INSERT INTO CHANNEL VALUES ('UCpKXTEQJDiOtfeLa23_U5hg', 803000, '2008-11-16', 1342, 'Kamp Kenan', 'Kamp Kenan');
INSERT INTO CHANNEL VALUES ('UCN7gui0EQHP-xOihtVARRDA', 242000, '2021-09-28', 355, 'Under The Influence Show', 'Your favor');
INSERT INTO CHANNEL VALUES ('UCP0ok1nSEenuz-e_ulNAJjg', 1530000, '2017-07-14', 464, 'ProducerMichael', 'A look in ');
INSERT INTO CHANNEL VALUES ('UCiDJtJKMICpb9B1qf7qjEOA', 6480000, '2010-03-08', 6515, 'Adam Savage’s Tested', 'Adam Savag');
INSERT INTO CHANNEL VALUES ('UCfPhyExfcaqJBKc3HO3cNBw', 2030000, '2012-07-10', 6808, 'JustKiddingNews', 'JustKiddin');
INSERT INTO CHANNEL VALUES ('UC4HttNRwamCTHVu_H6i-uvw', 166000, '2021-12-25', 705, 'Fed Reacts', 'Im a form');
INSERT INTO CHANNEL VALUES ('UCAQHQEO4QpI5dXtr3vLoFCg', 3450000, '2017-08-24', 436, 'The Detail Geek', 'Hey! Im M');
INSERT INTO CHANNEL VALUES ('UCXuqSBlHAE6Xw-yeJA0Tunw', 15400000, '2008-11-25', 6653, 'Linus Tech Tips', 'Linus Tech');
INSERT INTO CHANNEL VALUES ('UC5nc_ZtjKW1htCVZVRxlQAQ', 12800000, '2010-04-09', 3582, 'MrSuicideSheep', 'On this ch');
INSERT INTO CHANNEL VALUES ('UCMyOj6fhvKFMjxUCp3b_3gA', 13000000, '2016-01-27', 778, 'Nick DiGiovanni', 'Anyone can');
INSERT INTO CHANNEL VALUES ('UCwiTOchWeKjrJZw7S1H__1g', 4860000, '2017-10-17', 1868, 'Insider Food', 'What you w');
INSERT INTO CHANNEL VALUES ('UCamOhwLG5yGainNSkCfWrSA', 120000, '2012-05-03', 250, 'Adam Swords', 'At 26 year');
INSERT INTO CHANNEL VALUES ('UC0CRYvGlWGlsGxBNgvkUbAg', 5730000, '2012-02-07', 578, 'Gravity Transformation - Fat Loss Experts', 'Discover t');
INSERT INTO CHANNEL VALUES ('UCRd9JHiQvqwT8O4d0QGI9jQ', 1960000, '2009-09-03', 1760, 'Scam Nation', 'Scam Natio');
INSERT INTO CHANNEL VALUES ('UCpJmBQ8iNHXeQ7jQWDyGe3A', 3220000, '2013-04-01', 647, 'Life Noggin', 'Building k');
INSERT INTO CHANNEL VALUES ('UCvJiYiBUbw4tmpRSZT2r1Hw', 4640000, '2006-12-04', 2163, 'Science Channel', 'Learn abou');
INSERT INTO CHANNEL VALUES ('UC8cP3F7DseB_k-D1Afmstzw', 951000, '2015-08-29', 2098, 'American Eye', 'From the M');
INSERT INTO CHANNEL VALUES ('UC65afEgL62PGFWXY7n6CUbA', 14100000, '2012-10-12', 2839, 'Trap City', 'Welcome to');
INSERT INTO CHANNEL VALUES ('UCrZsKQXXq652czHn8XmOIEw', 348000, '2015-03-07', 541, 'Chill City', 'Chill City');
INSERT INTO CHANNEL VALUES ('UCeSRjhfeeqIgr--AcP9qhyg', 11000000, '2006-11-21', 1901, 'Guinness World Records', 'We want to');
INSERT INTO CHANNEL VALUES ('UCHy8o-_zR_vHqpPN4uNUvkg', 2090000, '2020-03-15', 876, '푸디랜드 FoodieLand', 'Hello, thi');
INSERT INTO CHANNEL VALUES ('UC3w193M5tYPJqF0Hi-7U-2g', 11200000, '2008-11-23', 4955, 'Dr. Eric Berg DC', 'Dr. Eric B');
INSERT INTO CHANNEL VALUES ('UCCvcd0FYi58LwyTQP9LITpA', 5100000, '2016-04-24', 1729, 'Soft White Underbelly', 'Soft White');
INSERT INTO CHANNEL VALUES ('UC_pT_Iz6XjuM-eMTlXghdfw', 5530000, '2020-07-26', 495, 'Max the Meat Guy', 'I live for');


INSERT into VIDEO values ('7__r4FVj-EI', 'UCY1kMZp36IQSyNx_9h4mpCg', 'Octopus vs Underwater Maze', '2023-11-24', 425498, '00:17:13', 10862717, 'I, for one, welcome our O');
INSERT into VIDEO values ('JdFRjsEZrmU', 'UCY1kMZp36IQSyNx_9h4mpCg', 'Acid vs Lava- Testing Liquids That Melt Everything', '2023-11-18', 532073, '00:20:37', 20186689, 'Most people I asked predi');
INSERT into VIDEO values ('fS97ytWlyGM', 'UCY1kMZp36IQSyNx_9h4mpCg', 'Destroying a $500,000 Gold Prime Bottle', '2023-11-06', 1563551, '00:00:48', 32443142, '');
INSERT into VIDEO values ('Zb01RStdzEs', 'UCY1kMZp36IQSyNx_9h4mpCg', 'Candy Thieves vs Rigged Candy Bowl', '2023-11-01', 620967, '00:18:36', 20673411, 'Candy bowl thieves are te');
INSERT into VIDEO values ('DUIjzXxUZNQ', 'UCY1kMZp36IQSyNx_9h4mpCg', '80mph Tennis Balls Shot at @ajr', '2023-10-03', 1056454, '00:00:49', 20580732, '');
INSERT into VIDEO values ('R8a5VtoeaJQ', 'UCvsc5fJo7hjmV06qLs6LNUQ', 'New Gadgets/EASY LIFE @KabitasKitchen @newgadgetsss @MrYonker53 @KitchenNightmares @WowGadgets', '2022-07-06', 0, '00:07:17', 8, 'EASY LIFENew Gadgets/EASY');
INSERT into VIDEO values ('kDMI7xt_kIA', 'UCvsc5fJo7hjmV06qLs6LNUQ', 'like my vidio and subscribe my channel Eid ka bakra#bakraeid2022 #bakraeidspecial', '2022-07-06', 0, '00:00:33', 5, 'New gadgets subscribe my ');
INSERT into VIDEO values ('tZ1bFHKqHWg', 'UCvsc5fJo7hjmV06qLs6LNUQ', 'Meri poori vidio Deko agr koi chiz Pasand ho to comment me bataye agly vidio me apko link mil jayega', '2022-06-30', 1, '00:08:07', 6, 'Meri poori vidio Deko agr');
INSERT into VIDEO values ('KWjF_kvlvR0', 'UCvsc5fJo7hjmV06qLs6LNUQ', 'funnyvidiosubscribe mychannel and like my funny vidio#uae#dobai#vidioviral#lEASYLIFEKITCHENUTENSILS#', '2022-06-26', 3, '00:00:12', 6, '');
INSERT into VIDEO values ('exj1hBKXaXo', 'UCvsc5fJo7hjmV06qLs6LNUQ', 'musafirkaliue#uae#dobai#arabemirateslikemyvidioandsubscribemychannelsharekro#EASYLIFEKITCHENUTENSILS', '2022-06-26', 0, '00:00:39', 6, '');
INSERT into VIDEO values ('8w5aPJA7jGI', 'UC4AGeYoOM9lRH6-L7wNFgTQ', 'ABANDONING LCS: Evil Geniuses and Golden Guardians leave LoL - The Four Horsemen S2E14 (feat. Danan)', '2023-11-27', 701, '02:35:42', 25455, 'Evil Geniuses and Golden ');
INSERT into VIDEO values ('tgPzgQBDIwM', 'UC4AGeYoOM9lRH6-L7wNFgTQ', 'World FINALS breakdown / EG and GGS OUT / The most EXCITING roster rumors - Power Spike S2E35', '2023-11-25', 810, '01:34:38', 33001, 'Worlds 2023 is over and P');
INSERT into VIDEO values ('Uvn1FE0cieQ', 'UC4AGeYoOM9lRH6-L7wNFgTQ', 'Fakers FOURTH title / EG and GG abandon the LCS / Rostermania BEGINS - Summoning Insight S6E42', '2023-11-22', 881, '03:44:07', 57819, 'The 2023 League of Legend');
INSERT into VIDEO values ('hJS4DHtr9X4', 'UC4AGeYoOM9lRH6-L7wNFgTQ', 'T1 or WEIBO: Doms dilemma / Breaking down JDGs semi-finals performance - Power Spike S2E34', '2023-11-13', 1492, '01:14:18', 78821, 'The Worlds semi-finals ar');
INSERT into VIDEO values ('2AI3SvZYVfU', 'UC4AGeYoOM9lRH6-L7wNFgTQ', 'T1 vs JDG: the ULTIMATE Worlds showdown / LCS roster rumors / Worlds semi-finals - Power Spike S2E33', '2023-11-07', 1149, '01:29:48', 62100, 'Teams in the West already');
INSERT into VIDEO values ('2yHr9DPnSzk', 'UCSHZKyawb77ixDdsGog4iWA', 'Michael Malice: Thanksgiving Pirate Special | Lex Fridman Podcast #402', '2023-11-25', 7887, '01:39:02', 295780, 'Michael Malice is a polit');
INSERT into VIDEO values ('r4wLXNydzeY', 'UCSHZKyawb77ixDdsGog4iWA', 'John Mearsheimer: Israel-Palestine, Russia-Ukraine, China, NATO, and WW3 | Lex Fridman Podcast #401', '2023-11-17', 37021, '03:26:42', 1785153, 'John Mearsheimer is an in');
INSERT into VIDEO values ('JN3KPFbWCy8', 'UCSHZKyawb77ixDdsGog4iWA', 'Elon Musk: War, AI, Aliens, Politics, Physics, Video Games, and Humanity | Lex Fridman Podcast #400', '2023-11-09', 114569, '02:16:47', 5481236, 'Elon Musk is CEO of X, xA');
INSERT into VIDEO values ('co_MeKSnyAo', 'UCSHZKyawb77ixDdsGog4iWA', 'Jared Kushner: Israel, Palestine, Hamas, Gaza, Iran, and the Middle East | Lex Fridman Podcast #399', '2023-10-11', 33770, '03:48:39', 1786560, 'Jared Kushner is a former');
INSERT into VIDEO values ('MVYrJJNdrEg', 'UCSHZKyawb77ixDdsGog4iWA', 'Mark Zuckerberg: First Interview in the Metaverse | Lex Fridman Podcast #398', '2023-09-28', 70793, '01:04:39', 2507016, 'Mark Zuckerberg is CEO of');
INSERT into VIDEO values ('YbmJjhBG56A', 'UCMSYZVlQmyG8_2MkIKzg0kw', 'Ben Mallah On The 2024 Housing Bubble, Getting Rich, & Going Broke', '2023-11-26', 4346, '01:34:29', 163812, 'Oracle: Free test drive o');
INSERT into VIDEO values ('gNn-ZoE75P8', 'UCMSYZVlQmyG8_2MkIKzg0kw', 'Why Veterans Have a Hard Time Getting Jobs After the Military', '2023-11-24', 4697, '00:00:30', 100879, 'Full Vid: https://youtu.b');
INSERT into VIDEO values ('GIyvXmWdAyM', 'UCMSYZVlQmyG8_2MkIKzg0kw', 'Navy Seals Need To Get Paid More!!', '2023-11-23', 11104, '00:00:26', 285731, 'Full Vid: https://youtu.b');
INSERT into VIDEO values ('WO2bek1ov_M', 'UCMSYZVlQmyG8_2MkIKzg0kw', 'The Reality Of Becoming a Navy Seal', '2023-11-22', 38221, '00:00:52', 619320, 'Full Vid: https://youtu.b');
INSERT into VIDEO values ('OWserfpkMao', 'UCMSYZVlQmyG8_2MkIKzg0kw', 'A Navy Seal Saved MrBallens Life From a Grenade Explosion ✊', '2023-11-21', 14608, '00:00:57', 253351, 'Full Vid: https://youtu.b');
INSERT into VIDEO values ('_yjc8AulnDk', 'UC4QZ_LsYcvcq7qOsOhpAX4A', 'The Entire OpenAI Chaos Explained', '2023-11-27', 15558, '00:15:33', 351843, 'Go to https://incogni.com');
INSERT into VIDEO values ('uiGl6oF5-cE', 'UC4QZ_LsYcvcq7qOsOhpAX4A', 'Meta Just Achieved Mind-Reading Using AI', '2023-11-18', 27945, '00:18:17', 868613, 'Go to https://brilliant.o');
INSERT into VIDEO values ('V68RE0M8zhk', 'UC4QZ_LsYcvcq7qOsOhpAX4A', 'Qualcomm Takes on Apple: The Battle For Chip Speed', '2023-11-07', 23930, '00:13:24', 550515, 'In this episode we dive i');
INSERT into VIDEO values ('8uhidHKAX4M', 'UC4QZ_LsYcvcq7qOsOhpAX4A', 'FTX Founder Faces 115 Years in Jail', '2023-11-04', 23563, '00:11:28', 622958, 'Sam Bankman-Fried and his');
INSERT into VIDEO values ('4qDIkbCTf8A', 'UC4QZ_LsYcvcq7qOsOhpAX4A', 'Inside China’s Property Collapse (Evergrande Disaster)', '2023-09-26', 31820, '00:21:39', 991451, 'Visit https://brilliant.o');
INSERT into VIDEO values ('bOzKvZPrKTY', 'UCnYMOamNKLGVlJgRUbamveA', 'Alcohol, Sugar & Weed Are Worse Than You Think! - The Man Who Predicts When Youll Die | Gary Brecka', '2023-11-21', 2677, '02:50:49', 113140, 'Reclaim Control of Your L');
INSERT into VIDEO values ('BUBnvfZaF9w', 'UCnYMOamNKLGVlJgRUbamveA', '99% Of People Watching This Will Stay Broke - Will You Be The 1% That Builds Wealth? | Morgan Housel', '2023-11-14', 3736, '02:41:19', 167481, 'Reclaim Control of Your L');
INSERT into VIDEO values ('aFcm6Ult45s', 'UCnYMOamNKLGVlJgRUbamveA', '"Whats Coming Is Worse Than A Market Crash" - Prepare For Rising Conflict In 2024 | Ray Dalio', '2023-11-07', 6761, '02:39:57', 401928, 'Kickstart Your Business i');
INSERT into VIDEO values ('e7xUxi4JOSo', 'UCnYMOamNKLGVlJgRUbamveA', '"This Is Why The Market Hasnt Crashed Yet!" - How It Could Be WORSE Than 2008 | Patrick Bet David', '2023-11-03', 16082, '02:03:04', 826733, 'Kickstart Your Business i');
INSERT into VIDEO values ('7Q0fB-l4IRA', 'UCnYMOamNKLGVlJgRUbamveA', 'MASS PSYCHOSIS: How An Entire Population Becomes Stupid & How To Get Ahead Of Everyone | Dan Ariely', '2023-10-31', 2717, '03:14:30', 132429, 'Kickstart Your Business b');
INSERT into VIDEO values ('h05g8AbXW2c', 'UCV6KDgJskWaEckne5aPA0aQ', 'The Auto Market Bubble Just Popped', '2023-11-22', 17214, '00:14:19', 485816, 'The first 100 people to u');
INSERT into VIDEO values ('VDqAww1Dby0', 'UCV6KDgJskWaEckne5aPA0aQ', 'It Started: The Reverse Market Crash Of 2024', '2023-11-15', 20041, '00:12:23', 551404, 'Here is my response to @V');
INSERT into VIDEO values ('n9xn_H4kGgk', 'UCV6KDgJskWaEckne5aPA0aQ', 'Fox News Cancelled Me', '2023-11-08', 29506, '00:12:55', 689313, 'Here are my thoughts on w');
INSERT into VIDEO values ('i76z_Cwg2Qg', 'UCV6KDgJskWaEckne5aPA0aQ', 'Power Couple Makes $2500/Day From Dog Daycare', '2023-11-03', 19769, '00:00:56', 466078, 'Doggy Daycare Hotel Makes');
INSERT into VIDEO values ('Jkly2r-pa_A', 'UCV6KDgJskWaEckne5aPA0aQ', 'BREAKING: The FED Pauses Rates, Housing Declines, Recession Cancelled', '2023-11-01', 16849, '00:15:04', 524575, 'Get an exclusive @Surfsha');
INSERT into VIDEO values ('cn5DsF9FXls', 'UCBJycsmduvYEL83R_U4JriQ', 'This Smartwatch is $69!', '2023-11-22', 70240, '00:09:10', 2278921, 'This smartwatch is $69. B');
INSERT into VIDEO values ('YWTgoUqm3tY', 'UCBJycsmduvYEL83R_U4JriQ', 'Electric Scooter INSIDE a Briefcase!', '2023-11-20', 68772, '00:01:00', 1277427, 'Honda Motocompacto');
INSERT into VIDEO values ('t4ejFV6n4b8', 'UCBJycsmduvYEL83R_U4JriQ', 'M3 Macbook Pro Impressions: Is It Enough?', '2023-10-31', 120005, '00:11:09', 3529186, 'Matte space black laptops');
INSERT into VIDEO values ('piYf4gDthjY', 'UCBJycsmduvYEL83R_U4JriQ', 'iPhone 15/15 Pro Unboxing and Second Look!', '2023-09-19', 212442, '00:11:21', 7387143, 'iPhone 15 unboxings and e');
INSERT into VIDEO values ('FNnK1J-BdiM', 'UCBJycsmduvYEL83R_U4JriQ', 'The Worlds Largest iPhone Has a Secret...', '2023-06-22', 1407595, '00:00:56', 25109636, '7 foot tall iPhone showed');
INSERT into VIDEO values ('XvZpnz0RP2k', 'UCaWd5_7JhbQBe4dknZhsHJg', 'Top 10 Historical Inaccuracies in Horror Movies', '2023-11-28', 458, '00:10:49', 6521, 'Were things really that h');
INSERT into VIDEO values ('0i5Tm0iKvqg', 'UCaWd5_7JhbQBe4dknZhsHJg', 'Top 10 CSI Episodes That Mirror True Events', '2023-11-28', 216, '00:13:21', 5081, 'Its always creepy  when ');
INSERT into VIDEO values ('fZ4RwUaxy1U', 'UCaWd5_7JhbQBe4dknZhsHJg', 'Top 10 Most Disturbing Celeb Interviews Because of What We Know Now', '2023-11-28', 1298, '00:11:19', 27587, 'In retrospect, these cele');
INSERT into VIDEO values ('Z55_W7rrd4Q', 'UCaWd5_7JhbQBe4dknZhsHJg', '10 Influencer Meltdowns Caught on Camera', '2023-11-27', 1145, '00:12:03', 28115, 'These influencer meltdown');
INSERT into VIDEO values ('4HfdsJcxJmw', 'UCaWd5_7JhbQBe4dknZhsHJg', 'Top 10 WORST Video Games of 2023', '2023-11-27', 1113, '00:12:45', 31855, 'We pity any players that ');
INSERT into VIDEO values ('wG3UFHR1o48', 'UC2D2CMWXMOVWx7giW1n3LIg', 'How to Stop Hiccups Using a Science-Supported Tool', '2023-11-27', 1241, '00:00:57', 14079, 'In this excerpt from the ');
INSERT into VIDEO values ('3gtvNYa3Nd8', 'UC2D2CMWXMOVWx7giW1n3LIg', 'Dr. Adam Grant: How to Unlock Your Potential, Motivation & Unique Abilities', '2023-11-27', 3057, '03:12:22', 78633, 'In this episode, my guest');
INSERT into VIDEO values ('wAZn9dF3XTo', 'UC2D2CMWXMOVWx7giW1n3LIg', 'A Science-Supported Journaling Protocol to Improve Mental & Physical Health', '2023-11-20', 7517, '01:38:22', 220260, 'In this episode, I explai');
INSERT into VIDEO values ('eC9fiJBdMG0', 'UC2D2CMWXMOVWx7giW1n3LIg', 'LIVE EVENT Q&A: Dr. Andrew Huberman Question & Answer in Toronto, ON', '2023-11-15', 2681, '00:39:08', 104228, 'Recently I had the pleasu');
INSERT into VIDEO values ('W5zqC5cYcS0', 'UC2D2CMWXMOVWx7giW1n3LIg', 'How Tone of Voice Shapes Emotional State of Listeners', '2023-11-14', 7293, '00:00:58', 117449, 'In a recent Huberman Lab ');
INSERT into VIDEO values ('G_ZNxPGQm60', 'UC2KfmYEM4KCuA1ZurravgYw', 'Linux and Shell Scripting Course OUT NOW - 10 Hours', '2023-11-27', 156, '00:07:03', 2316, 'Unlock the power of Linux');
INSERT into VIDEO values ('WF-UbTSaV-0', 'UCQYMhOMi_Cdj1CEAU-fv80A', 'Python Special Programs - Armstrong Number', '2023-11-24', 61, '00:17:30', 4381, 'Python Programming: Pytho');
INSERT into VIDEO values ('oOCromcWnfc', 'UCQYMhOMi_Cdj1CEAU-fv80A', 'FIRST() and FOLLOW() Functions', '2023-02-12', 1520, '00:11:53', 105320, 'Compiler Design: FIRST() ');
INSERT into VIDEO values ('yvdtwKF87Ts', 'UCQYMhOMi_Cdj1CEAU-fv80A', 'Representations of Floating Point Numbers', '2022-12-04', 1515, '00:13:50', 87677, 'COA: Representations of F');
INSERT into VIDEO values ('OMwgGL3lHlI', 'UCQYMhOMi_Cdj1CEAU-fv80A', 'Introduction to Database Management Systems (DBMS)', '2022-08-04', 1331, '00:09:38', 118177, 'DBMS: Introduction
Topics');
INSERT into VIDEO values ('EZTQ61njgKI', 'UCQYMhOMi_Cdj1CEAU-fv80A', 'Subnetting (Solved Problem 1)', '2022-07-18', 2829, '00:12:59', 191500, 'Computer Networks: Subnet');
INSERT into VIDEO values ('uezin-IAsfU', 'UCIhYRVcXOwT78VlWmubUX0g', 'Nigeria election INEC is our problem', '2023-02-25', 1, '00:00:21', 2, '');
INSERT into VIDEO values ('P-1HvOEA9xs', 'UCIhYRVcXOwT78VlWmubUX0g', 'CR7 super hat trick @alnahareg @CR7HDTV1 @CR7youtubeShorts', '2023-02-10', 0, '00:08:05', 4, '');
INSERT into VIDEO values ('KE4RHnKMgNc', 'UCIhYRVcXOwT78VlWmubUX0g', 'CR7 vs PSG @KazaHighlights @KatyPerry', '2023-01-21', 4, '00:15:00', 26, 'CR7 vs PSG @NassifZeytoun');
INSERT into VIDEO values ('tUJn8Fi8Aqg', 'UCIhYRVcXOwT78VlWmubUX0g', 'fast food', '2022-12-22', 1, '01:01:48', 6, 'easiest way to get your f');
INSERT into VIDEO values ('2glfqa-ZbNw', 'UC4SVo0Ue36XCfOyb5Lh1viQ', 'Build this JS Digital Clock in 10 minutes!', '2023-11-27', 58, '00:10:48', 886, '#JavaScript #tutorial #co');
INSERT into VIDEO values ('PXilNmL9U80', 'UC4SVo0Ue36XCfOyb5Lh1viQ', 'Build this JavaScript Dice Roller program', '2023-11-25', 86, '00:14:12', 2035, '#JavaScript #tutorial #co');
INSERT into VIDEO values ('9amAW_qXv84', 'UC4SVo0Ue36XCfOyb5Lh1viQ', 'JavaScript console.time() is awesome!', '2023-11-25', 57, '00:04:40', 910, '// console.time() = tool ');
INSERT into VIDEO values ('shWr5DNVeCI', 'UC4SVo0Ue36XCfOyb5Lh1viQ', 'Learn JavaScript setTimeout() in 6 minutes!', '2023-11-25', 47, '00:06:13', 737, '00:00:00 introduction
00:');
INSERT into VIDEO values ('beZfCfiuIkA', 'UC4SVo0Ue36XCfOyb5Lh1viQ', 'Learn JavaScript CLOSURES in 10 minutes!', '2023-11-24', 51, '00:10:58', 1339, '// closure = A function d');
INSERT into VIDEO values ('zA8guDqfv40', 'UC8butISFwT-Wl7EV0hUK0BQ', 'AWS Cloud Complete Bootcamp Course', '2023-11-27', 4679, 'None', 54459, 'The AWS Cloud Project Boo');
INSERT into VIDEO values ('hDKCxebp88A', 'UC8butISFwT-Wl7EV0hUK0BQ', 'Machine Learning with Python and Scikit-Learn – Full Course', '2023-11-22', 3345, '18:00:35', 89878, 'This course is a practica');
INSERT into VIDEO values ('k_V5VvYSlS4', 'UC8butISFwT-Wl7EV0hUK0BQ', 'Go Programming Tutorial – 3 Beginner Projects', '2023-11-21', 763, '01:46:12', 26693, 'Improve you Go programmin');
INSERT into VIDEO values ('HSZ_uaif57o', 'UC8butISFwT-Wl7EV0hUK0BQ', 'Learn LangChain.js - Build LLM apps with JavaScript and OpenAI', '2023-11-20', 957, '01:39:27', 33375, 'LangChain.js is a framewo');
INSERT into VIDEO values ('DPqiIzK97K0', 'UC8butISFwT-Wl7EV0hUK0BQ', 'Arduino Course for Everybody', '2023-11-08', 9029, '10:28:56', 176465, 'Master the Arduino, a ver');
INSERT into VIDEO values ('Lp1k-GG36a4', 'UCpKXTEQJDiOtfeLa23_U5hg', 'Incredible Komodo Dragon Face to Face!', '2023-11-26', 1748, '00:20:10', 23965, 'Being face to face with a');
INSERT into VIDEO values ('0b6t6uc5_Rg', 'UCpKXTEQJDiOtfeLa23_U5hg', 'Slinky the Asian Water Monitor loves visits from dad!  #kampkenan #animals #slinky #lizard #reptile', '2023-11-25', 822, '00:00:55', 6172, '');
INSERT into VIDEO values ('4Wyji1ZgQi8', 'UCpKXTEQJDiOtfeLa23_U5hg', 'Kenan’s Dirty Job!', '2023-11-24', 1539, '00:15:34', 15461, 'Taking care of reptiles c');
INSERT into VIDEO values ('BF8J1L4TTak', 'UCpKXTEQJDiOtfeLa23_U5hg', 'You Need to Know about these Iguanas!', '2023-11-21', 2009, '00:12:20', 20909, 'The Lesser Antillean igua');
INSERT into VIDEO values ('QJNXXcf-tlo', 'UCpKXTEQJDiOtfeLa23_U5hg', 'This Rhinos Incredible Story coming on Sunday! #reptiles #kampkenan', '2023-11-09', 649, '00:00:17', 10773, 'This Rhino Iguanas incre');
INSERT into VIDEO values ('bsiE_nwqYkA', 'UCN7gui0EQHP-xOihtVARRDA', 'How to impress future in-laws', '2023-11-27', 301, '00:01:00', 3239, '#inlaws #asian #viettrap ');
INSERT into VIDEO values ('50UHJnAo7mk', 'UCN7gui0EQHP-xOihtVARRDA', 'Why Asians don’t do Thanksgiving', '2023-11-27', 614, '00:00:59', 6388, '#thanksgiving #asian #vie');
INSERT into VIDEO values ('JFpee0VES8g', 'UCN7gui0EQHP-xOihtVARRDA', 'The craziest double date', '2023-11-25', 1068, '00:01:00', 20339, '#clubstories #doubledate ');
INSERT into VIDEO values ('fLWcMKPNxkc', 'UCN7gui0EQHP-xOihtVARRDA', 'Who is your 2 man duo?', '2023-11-25', 306, '00:00:28', 5981, '#wingman #doubledate #dat');
INSERT into VIDEO values ('tENOGNSmj14', 'UCN7gui0EQHP-xOihtVARRDA', 'Why Asians DONT Celebrate Thanksgiving.', '2023-11-24', 1425, '01:27:10', 38126, 'LA & SAN DIEGO…We are thr');
INSERT into VIDEO values ('w43fULhPZ9Q', 'UCP0ok1nSEenuz-e_ulNAJjg', 'Would you wear this $110k diamond HANDCUFF?', '2023-11-27', 443, '00:00:23', 13905, 'Jacob shows us this beaut');
INSERT into VIDEO values ('OWcSra0dPjE', 'UCP0ok1nSEenuz-e_ulNAJjg', 'Biggest, most Expensive Penthouse in Vegas', '2023-11-24', 541, '00:00:14', 20774, 'We toured this opulent pe');
INSERT into VIDEO values ('HEI-y3AXoVE', 'UCP0ok1nSEenuz-e_ulNAJjg', 'The Watches of Shark Tank with Kevin OLeary!', '2023-11-21', 4100, '00:25:44', 135318, 'This week, Kevin OLeary ');
INSERT into VIDEO values ('dQDeMg_Dgsk', 'UCP0ok1nSEenuz-e_ulNAJjg', 'GORGEOUS $110,000 Patek 5131', '2023-11-20', 715, '00:00:12', 22001, 'Last time we visited Seth');
INSERT into VIDEO values ('_BcAzDwUZLI', 'UCP0ok1nSEenuz-e_ulNAJjg', '$500k Lakers NBA ring', '2023-11-17', 1162, '00:00:14', 41230, 'Check out this awesome go');
INSERT into VIDEO values ('WcqiHN-sRmo', 'UCiDJtJKMICpb9B1qf7qjEOA', 'Adam Savages Spy Prop Kit!', '2023-11-27', 2415, '00:43:57', 40891, 'One of Adams favorite mo');
INSERT into VIDEO values ('Z8OezcEX2QY', 'UCiDJtJKMICpb9B1qf7qjEOA', 'What Job Did Adam Savage Quit for MythBusters?', '2023-11-26', 7082, '00:08:43', 168444, 'What gig did Adam Savage ');
INSERT into VIDEO values ('K7kDRpSiKUU', 'UCiDJtJKMICpb9B1qf7qjEOA', 'The Smallest Tool Adam Savage Has Ever Made!', '2023-11-25', 4203, '00:26:33', 110276, 'For Black Friday & Cyber ');
INSERT into VIDEO values ('FsAqYR0gdqQ', 'UCiDJtJKMICpb9B1qf7qjEOA', 'Adam Savage Reacts to Animatronic Buzz Lightyear Robot!', '2023-11-24', 9783, '00:21:48', 346941, 'Adam and Norm finally get');
INSERT into VIDEO values ('ZJvCP8q-SI0', 'UCiDJtJKMICpb9B1qf7qjEOA', 'Adam Savage Reviews a "Perpetual Motion" Machine!', '2023-11-23', 8906, '00:11:46', 244501, 'Adam unboxes a "perpetual');
INSERT into VIDEO values ('K2XRpXRXN9g', 'UCfPhyExfcaqJBKc3HO3cNBw', 'Off The Record: What Do You Love About JK?', '2023-11-28', 577, '00:20:26', 8972, 'Careful Boyz Merch! https');
INSERT into VIDEO values ('u5yS7xuU0lM', 'UCfPhyExfcaqJBKc3HO3cNBw', 'Unco Same shirts now available!', '2023-11-27', 304, '00:00:43', 4224, '');
INSERT into VIDEO values ('SZLNTWk2TbI', 'UCfPhyExfcaqJBKc3HO3cNBw', 'Missing Adventurer Turns Up in a Sharks Stomach', '2023-11-27', 482, '00:15:01', 10164, 'Careful Boyz Merch! https');
INSERT into VIDEO values ('trN8_seLyRE', 'UCfPhyExfcaqJBKc3HO3cNBw', 'REACT to Unco Same Clubbing 101: 16 years later!', '2023-11-27', 1125, '00:23:35', 16850, 'Careful Boyz Merch! https');
INSERT into VIDEO values ('mxNLU3w1W3M', 'UCfPhyExfcaqJBKc3HO3cNBw', 'Esther’s unique robbery story.', '2023-11-27', 1010, '00:00:44', 22125, '');
INSERT into VIDEO values ('VESOkt7865E', 'UC4HttNRwamCTHVu_H6i-uvw', 'Myron Protects Angie Part 2', '2023-11-27', 152, '00:00:22', 1577, 'Wanna be heard? SUPERCHAT');
INSERT into VIDEO values ('uqFq8-qvgNU', 'UC4HttNRwamCTHVu_H6i-uvw', 'Myron Protects Angie Part 1', '2023-11-27', 243, '00:00:40', 2456, 'Wanna be heard? SUPERCHAT');
INSERT into VIDEO values ('TXEe_uuYrs4', 'UC4HttNRwamCTHVu_H6i-uvw', 'Fed Explains Ross Ulbricht & Silk Road', '2023-11-27', 2172, '02:24:39', 17143, 'DMs ON DEMAND BLACK FRIDA');
INSERT into VIDEO values ('UInH9U0t6QA', 'UC4HttNRwamCTHVu_H6i-uvw', 'Why You Dont See Police In Las Vegas', '2023-11-26', 205, '00:00:28', 2919, 'Wanna be heard? SUPERCHAT');
INSERT into VIDEO values ('iwr_bAq-Hn8', 'UC4HttNRwamCTHVu_H6i-uvw', 'Dont Commit A Crime in Las Vegas Part 2', '2023-11-26', 86, '00:00:24', 1283, 'Wanna be heard? SUPERCHAT');
INSERT into VIDEO values ('g6Ae1M_aXig', 'UCAQHQEO4QpI5dXtr3vLoFCg', 'Never Ending Fountain of Mud!', '2023-11-27', 890, '00:00:41', 13834, 'Never Ending Fountain of ');
INSERT into VIDEO values ('lFM5EiXXi0Y', 'UCAQHQEO4QpI5dXtr3vLoFCg', 'Washing Away YEARS of Chain-smoking...', '2023-11-26', 1538, '00:00:30', 25417, 'Washing Away YEARS of Cha');
INSERT into VIDEO values ('k8YYyyWaAw8', 'UCAQHQEO4QpI5dXtr3vLoFCg', 'My Steamer Never Disappoints!', '2023-11-25', 1172, '00:00:20', 19859, 'My Steamer Never Disappoi');
INSERT into VIDEO values ('mn1zT3moQQo', 'UCAQHQEO4QpI5dXtr3vLoFCg', 'Super Satisfying Transformation!', '2023-11-24', 1100, '00:00:55', 18816, 'Super Satisfying Transfor');
INSERT into VIDEO values ('TXLD8GdW3_U', 'UCAQHQEO4QpI5dXtr3vLoFCg', 'I HATED Cleaning This DISASTER Car....Heres Why!', '2023-11-24', 8642, '00:24:09', 166982, 'I HATED Cleaning This DIS');
INSERT into VIDEO values ('ji5kZ3VdFDY', 'UCXuqSBlHAE6Xw-yeJA0Tunw', 'Apple please watch this.', '2023-11-27', 39023, '00:20:21', 883499, 'Buy a Seasonic TX 1000 PS');
INSERT into VIDEO values ('2DGQZ4Nb1ws', 'UCXuqSBlHAE6Xw-yeJA0Tunw', 'Tech Support Told Her To Break the PC', '2023-11-26', 54246, '00:50:09', 1298988, 'Thanks again to UGREEN fo');
INSERT into VIDEO values ('8EXrxGByJJg', 'UCXuqSBlHAE6Xw-yeJA0Tunw', 'I Bought a $300 Gaming PC on TaoBao', '2023-11-25', 45117, '00:19:13', 1163475, 'Purchase a Seasonic FOCUS');
INSERT into VIDEO values ('OYuVkSq2v24', 'UCXuqSBlHAE6Xw-yeJA0Tunw', 'I’m Sweetening the Deal', '2023-11-24', 7108, '02:43:17', 298987, 'Get an XP Gold membership');
INSERT into VIDEO values ('RPUxSw8zk9w', 'UCXuqSBlHAE6Xw-yeJA0Tunw', 'Inside of a $27,000 Gaming PC', '2023-11-24', 16520, '00:00:37', 403604, 'Ever wonder what the insi');
INSERT into VIDEO values ('nXu77PcUvVE', 'UC5nc_ZtjKW1htCVZVRxlQAQ', 'sad alex - smiling at ur text', '2023-11-27', 736, '00:03:13', 10594, '⬙  MrSuicideSheep Links ⬙');
INSERT into VIDEO values ('20Patv6zcSM', 'UC5nc_ZtjKW1htCVZVRxlQAQ', 'LYNY - Home', '2023-11-26', 1331, '00:03:08', 21176, '⬙  MrSuicideSheep Links ⬙');
INSERT into VIDEO values ('EMKWbuPyDUE', 'UC5nc_ZtjKW1htCVZVRxlQAQ', 'Felix Jaehn & Jonas Blue - Past Life (KOVEN Remix)', '2023-11-23', 1505, '00:02:31', 29327, '⬙  MrSuicideSheep Links ⬙');
INSERT into VIDEO values ('Qg8Fde6mE2w', 'UC5nc_ZtjKW1htCVZVRxlQAQ', 'SILK x JIM - On My Mind', '2023-11-22', 1459, '00:02:23', 29766, '⬙  MrSuicideSheep Links ⬙');
INSERT into VIDEO values ('xPvinDlSYKI', 'UC5nc_ZtjKW1htCVZVRxlQAQ', 'DREAMDNVR - Years', '2023-11-21', 1573, '00:02:48', 32057, '⬙  MrSuicideSheep Links ⬙');
INSERT into VIDEO values ('xpV4PeEJxTM', 'UCMyOj6fhvKFMjxUCp3b_3gA', 'Osmo X Walmart', '2023-11-26', 124364, '00:00:59', 1476813, '');
INSERT into VIDEO values ('EV4lSoVulSM', 'UCMyOj6fhvKFMjxUCp3b_3gA', '$1 vs $10,000 Steak', '2023-11-25', 55518, '00:14:47', 1566161, 'Go buy Osmo, available at');
INSERT into VIDEO values ('S4MzgqIhkBk', 'UCMyOj6fhvKFMjxUCp3b_3gA', 'Try Osmo!', '2023-11-24', 75268, '00:00:34', 1234495, 'Thanks to YouTube for spo');
INSERT into VIDEO values ('FFhhGDGV2io', 'UCMyOj6fhvKFMjxUCp3b_3gA', 'Pulled Pork Sliders', '2023-11-22', 386120, '00:00:35', 4709345, '#shorts #sliders #pulledp');
INSERT into VIDEO values ('mD7i7d-QJ44', 'UCMyOj6fhvKFMjxUCp3b_3gA', 'Honeycomb Candy', '2023-11-20', 140608, '00:00:28', 2233296, '#shorts #candy #honeycomb');
INSERT into VIDEO values ('T-OUdPBYd5s', 'UCwiTOchWeKjrJZw7S1H__1g', 'We tried different #Pringles from Italy and the US. #insiderfood #foodwars', '2023-11-27', 268, '00:00:42', 6529, '');
INSERT into VIDEO values ('7mWUtsHf4eE', 'UCwiTOchWeKjrJZw7S1H__1g', 'US vs Italy Pringles | Food Wars | Insider Food', '2023-11-26', 1695, '00:15:49', 58464, 'From calorie count to por');
INSERT into VIDEO values ('IS16jxt950k', 'UCwiTOchWeKjrJZw7S1H__1g', 'Bang Bang Pie has served #Chicago for eight years, crafting each #pie as a labor of love. #foodie', '2023-11-22', 1231, '00:00:57', 31638, '-------------------------');
INSERT into VIDEO values ('22NDMN9qb8Y', 'UCwiTOchWeKjrJZw7S1H__1g', 'Comparing McDonalds In 6 Different Countries | Food Wars | Insider Food', '2023-11-19', 592, '02:12:04', 30726, 'We compared all the items');
INSERT into VIDEO values ('S5TbHPXux9k', 'UCwiTOchWeKjrJZw7S1H__1g', 'US vs Italy McDonalds | Food Wars | Insider Food', '2023-10-29', 7130, '00:38:47', 456922, 'From calorie count to por');
INSERT into VIDEO values ('VH4O1LVxXTc', 'UCamOhwLG5yGainNSkCfWrSA', 'I FOUND A 120 YEAR OLD GHOST TOWN!', '2023-11-26', 451, '00:23:03', 5346, 'In this episode my plans ');
INSERT into VIDEO values ('C0vjQExiLbc', 'UCamOhwLG5yGainNSkCfWrSA', 'I FINALLY finished the Cursed River!', '2023-11-25', 61, '00:01:03', 659, 'If youve been keeping up');
INSERT into VIDEO values ('RLGwMx5vnEE', 'UCamOhwLG5yGainNSkCfWrSA', 'I SUCKED UP SO MUCH GRASS IN TO MY JET SKI!', '2023-11-24', 166, '00:00:31', 7353, 'Thank the lord for the ID');
INSERT into VIDEO values ('T4Uve6UQIho', 'UCamOhwLG5yGainNSkCfWrSA', 'I needed a WINCH for my SeaDoo!', '2023-11-23', 333, '00:00:45', 8600, 'I never thought Id need ');
INSERT into VIDEO values ('alP9fjUNgR0', 'UCamOhwLG5yGainNSkCfWrSA', 'This River Is SO Shallow!', '2023-11-22', 158, '00:01:00', 6829, 'In my latest episode I ba');
INSERT into VIDEO values ('tYCgejaGmfQ', 'UC0CRYvGlWGlsGxBNgvkUbAg', '​​8 Ways to ACTUALLY Burn Fat While Sleeping', '2023-11-26', 2972, '00:10:29', 68416, 'Discover how to actually ');
INSERT into VIDEO values ('36ayBrl8WgQ', 'UC0CRYvGlWGlsGxBNgvkUbAg', '15 BEST Foods to Lose Stubborn Fat', '2023-11-12', 2994, '00:11:24', 56985, 'These are the best foods ');
INSERT into VIDEO values ('raBqhEzT9VE', 'UC0CRYvGlWGlsGxBNgvkUbAg', '​8 Best Supplements to Build Muscle (2024)', '2023-11-05', 4004, '00:12:03', 113038, 'These are the 8 best supp');
INSERT into VIDEO values ('nR8syIt6pEE', 'UC0CRYvGlWGlsGxBNgvkUbAg', 'What Happens After 30 Days of Cold Showers', '2023-11-02', 5831, '00:01:00', 89039, 'Learn what happens after ');
INSERT into VIDEO values ('O-9r_STaLp0', 'UC0CRYvGlWGlsGxBNgvkUbAg', 'What Happens to Your Body on Creatine', '2023-09-21', 6991, '00:00:59', 111400, 'Discover what happens to ');
INSERT into VIDEO values ('RP2TdM4UIY0', 'UCRd9JHiQvqwT8O4d0QGI9jQ', 'What Abracadabra ACTUALLY Means', '2023-11-27', 127, '00:00:15', 4024, 'Thats actually really co');
INSERT into VIDEO values ('3rFN-2k7nS8', 'UCRd9JHiQvqwT8O4d0QGI9jQ', 'Pick Handcuffs With Shoelaces?', '2023-11-27', 75, '00:00:34', 1890, 'Lace Escape Tools availab');
INSERT into VIDEO values ('QOP82kX0j3o', 'UCRd9JHiQvqwT8O4d0QGI9jQ', 'The Hindu Force Shuffle', '2023-11-26', 153, '00:00:17', 7886, 'A GREAT way to force peop');
INSERT into VIDEO values ('tY-aU7hblX8', 'UCRd9JHiQvqwT8O4d0QGI9jQ', 'A Pen That Breaks ALL Locks!', '2023-11-26', 92, '00:00:24', 4428, 'Lock-Proof Pens available');
INSERT into VIDEO values ('FCqNngv8Pso', 'UCRd9JHiQvqwT8O4d0QGI9jQ', 'How to win every coin flip EVER!', '2023-11-25', 393, '00:00:56', 8213, 'This looks so legit!

Ful');
INSERT into VIDEO values ('mb2rZd8x-XQ', 'UCpJmBQ8iNHXeQ7jQWDyGe3A', 'Are Tall People Killing the Planet?', '2023-11-26', 984, '00:04:10', 13518, 'From little to large, cou');
INSERT into VIDEO values ('r_6Cv4uMaak', 'UCpJmBQ8iNHXeQ7jQWDyGe3A', 'The Truth About Black Friday', '2023-11-23', 730, '00:00:38', 11391, 'Unwrapping the mayhem: Th');
INSERT into VIDEO values ('dsmnFt7-4-Q', 'UCpJmBQ8iNHXeQ7jQWDyGe3A', 'How Does Pollination Work?', '2023-11-21', 356, '00:00:32', 5869, 'Natures love story unfol');
INSERT into VIDEO values ('AOFRN68uR2Y', 'UCpJmBQ8iNHXeQ7jQWDyGe3A', 'Education Is A Privilege', '2023-11-14', 546, '00:00:35', 7373, 'Educations doors arent ');
INSERT into VIDEO values ('X2vkvgo8Rr4', 'UCpJmBQ8iNHXeQ7jQWDyGe3A', 'Eat Your Fruits And Vegetables', '2023-11-09', 463, '00:00:35', 6368, 'From apples to zucchini, ');
INSERT into VIDEO values ('Sm0fM19hBYs', 'UCvJiYiBUbw4tmpRSZT2r1Hw', 'Lost Tombs Discovered and Revealed | Unearthed | Science Channel', '2023-11-26', 215, '00:17:14', 5423, 'In this captivating foota');
INSERT into VIDEO values ('9kkMI4kZNSE', 'UCvJiYiBUbw4tmpRSZT2r1Hw', 'How Neutron Stars are Created | How The Universe Works | Science Channel', '2023-11-26', 255, '00:09:00', 14089, 'On this captivating episo');
INSERT into VIDEO values ('arnS-tAvesc', 'UCvJiYiBUbw4tmpRSZT2r1Hw', 'Astonishing discovery of old fort reveals explosive history | What On Earth | Science Channel', '2023-11-25', 336, '00:00:50', 10665, '#shorts #whatonearth #sci');
INSERT into VIDEO values ('C-4M3s_5TY4', 'UCvJiYiBUbw4tmpRSZT2r1Hw', 'The Hidden Secrets of Cincinnati’s Underground Breweries | Underground Marvels | Science Channel', '2023-11-25', 157, '00:08:27', 5756, 'Enter a forgotten era, wh');
INSERT into VIDEO values ('j4vu1_MIZjc', 'UCvJiYiBUbw4tmpRSZT2r1Hw', 'Adam Savage Preps World War 1 Fighter Planes for Battle | Savage Builds | Science Channel', '2023-11-24', 147, '00:08:01', 5682, 'In this episode of Savage');
INSERT into VIDEO values ('RB3EzixZrIo', 'UC8cP3F7DseB_k-D1Afmstzw', 'Why Did The Nazis Have So Many Scars & Other Strange Mysteries From World War II', '2023-11-27', 93, '00:15:49', 1422, 'Subscribe to American Eye');
INSERT into VIDEO values ('2lXLoBQxZrw', 'UC8cP3F7DseB_k-D1Afmstzw', 'Crazy Underwater Submarine Espionage Stories', '2023-11-26', 75, '00:14:42', 1538, 'Subscribe to American Eye');
INSERT into VIDEO values ('eqwy7es8AFs', 'UC8cP3F7DseB_k-D1Afmstzw', 'The Most Important Ships Of All Time', '2023-11-25', 142, '00:39:12', 5361, 'Subscribe to American Eye');
INSERT into VIDEO values ('r21zyda3TZ0', 'UC8cP3F7DseB_k-D1Afmstzw', 'The Most Radioactive Places On Earth', '2023-11-24', 117, '00:41:49', 3290, 'Subscribe to American Eye');
INSERT into VIDEO values ('umvQo8EO1e4', 'UC8cP3F7DseB_k-D1Afmstzw', 'The Dark History Of The Mansion In The Mountains & Other Creepy Places', '2023-11-21', 224, '00:15:34', 18564, 'Subscribe to American Eye');
INSERT into VIDEO values ('YRenEJWjfM8', 'UC65afEgL62PGFWXY7n6CUbA', 'Meanwhile at the SoundCloud HQ', '2023-11-27', 331, '00:00:14', 4984, '');
INSERT into VIDEO values ('JGe825ZAN-8', 'UC65afEgL62PGFWXY7n6CUbA', 'LAUTRE. - Asthenie', '2023-11-26', 508, '00:02:28', 8674, 'LAUTRE. - Asthenie 
Strea');
INSERT into VIDEO values ('tqXzqsqtiYU', 'UC65afEgL62PGFWXY7n6CUbA', '$ayonara. - AKILA.', '2023-11-25', 747, '00:02:15', 11904, '$ayonara. - AKILA.
Stream');
INSERT into VIDEO values ('OeyLkXjqmc0', 'UC65afEgL62PGFWXY7n6CUbA', 'The FifthGuys, JSTN DMND & Rich Fayden - Die For It', '2023-11-24', 587, '00:03:19', 10258, 'The FifthGuys, JSTN DMND ');
INSERT into VIDEO values ('SO8fnj-1KSg', 'UC65afEgL62PGFWXY7n6CUbA', 'Nicki Minaj - Starships (Kosfinger Drill Remix)', '2023-11-23', 618, '00:02:56', 14144, 'Nicki Minaj - Starships (');
INSERT into VIDEO values ('eYRhAjJfEPw', 'UCrZsKQXXq652czHn8XmOIEw', 'Tracy Chapman - Baby Can I Hold You (CYRIL Remix)', '2023-11-26', 73, '00:01:43', 1325, 'Tracy Chapman - Baby Can ');
INSERT into VIDEO values ('j_kkMkIDNdc', 'UCrZsKQXXq652czHn8XmOIEw', 'Celine Dion - Power Of Love (CYRIL TikTok Remix)', '2023-11-18', 627, '00:04:46', 33605, 'Celine Dion - Power Of Lo');
INSERT into VIDEO values ('DDMNNYAYcmk', 'UCrZsKQXXq652czHn8XmOIEw', 'Calvin Harris ft. Sam Smith - Desire (Rivo Remix)', '2023-11-17', 122, '00:04:20', 5846, 'Calvin Harris ft. Sam Smi');
INSERT into VIDEO values ('12JsbKQwY7M', 'UCrZsKQXXq652czHn8XmOIEw', 'Zerb - Mwaki (feat. Sofiya Nzau)', '2023-11-09', 107, '00:03:36', 3597, 'Zerb - Mwaki (feat. Sofiy');
INSERT into VIDEO values ('QIRG91LFyLg', 'UCrZsKQXXq652czHn8XmOIEw', 'Hamza - Slowdown (YellowStraps Cover Remix) (Lyrics)', '2023-11-06', 283, '00:02:04', 16629, 'Hamza - Slowdown (YellowS');
INSERT into VIDEO values ('r0nIMRud_k0', 'UCeSRjhfeeqIgr--AcP9qhyg', 'Fastest time to bounce a ping pong ball into 5 cups - 1.64 seconds by David Rush', '2023-11-27', 627, '00:00:08', 17724, 'Subscribe || https://gwr.');
INSERT into VIDEO values ('EjeW5AYS8Pg', 'UCeSRjhfeeqIgr--AcP9qhyg', 'Fastest to solve a cube whilst hooping with five hoops - 51.24 seconds by N.M. Sri Oviyasena 🇮🇳', '2023-11-26', 1430, '00:00:15', 25991, 'Subscribe || https://gwr.');
INSERT into VIDEO values ('t07DwQgKjtM', 'UCeSRjhfeeqIgr--AcP9qhyg', 'Most darts thrown with the foot in one minute - 9 by Palina Glebova', '2023-11-25', 885, '00:00:17', 37166, 'Subscribe || https://gwr.');
INSERT into VIDEO values ('d9ANu5dlNMQ', 'UCeSRjhfeeqIgr--AcP9qhyg', 'Football Superstars and Nunchuck Masters | Records Weekly - Guinness World Records', '2023-11-24', 394, '00:08:50', 23581, 'Subscribe || https://gwr.');
INSERT into VIDEO values ('nCtjvCErk5w', 'UCeSRjhfeeqIgr--AcP9qhyg', 'This man has won the world gurning championships 18 times!', '2023-11-24', 1002, '00:00:22', 41565, 'Subscribe || https://gwr.');
INSERT into VIDEO values ('r0nIMRud_k0', 'UCeSRjhfeeqIgr--AcP9qhyg', 'Fastest time to bounce a ping pong ball into 5 cups - 1.64 seconds by David Rush 🇺🇸', '2023-11-27', 627, '00:00:08', 17724, 'Subscribe || https://gwr.');
INSERT into VIDEO values ('EjeW5AYS8Pg', 'UCeSRjhfeeqIgr--AcP9qhyg', 'Fastest to solve a cube whilst hooping with five hoops - 51.24 seconds by N.M. Sri Oviyasena 🇮🇳', '2023-11-26', 1430, '00:00:15', 25991, 'Subscribe || https://gwr.');
INSERT into VIDEO values ('t07DwQgKjtM', 'UCeSRjhfeeqIgr--AcP9qhyg', 'Most darts thrown with the foot in one minute - 9 by Palina Glebova 🇩🇪', '2023-11-25', 885, '00:00:17', 37166, 'Subscribe || https://gwr.');
INSERT into VIDEO values ('d9ANu5dlNMQ', 'UCeSRjhfeeqIgr--AcP9qhyg', 'Football Superstars and Nunchuck Masters | Records Weekly - Guinness World Records', '2023-11-24', 394, '00:08:50', 23581, 'Subscribe || https://gwr.');
INSERT into VIDEO values ('nCtjvCErk5w', 'UCeSRjhfeeqIgr--AcP9qhyg', 'This man has won the world gurning championships 18 times!', '2023-11-24', 1002, '00:00:22', 41565, 'Subscribe || https://gwr.');
INSERT into VIDEO values ('Og0kvgaNs7U', 'UC3w193M5tYPJqF0Hi-7U-2g', 'The Dr. Berg Show LIVE - December 1, 2023', '2023-11-27', 20, '00:00:01', 0, 'To find the Dr. Berg App ');
INSERT into VIDEO values ('h81qq8Ne3go', 'UC3w193M5tYPJqF0Hi-7U-2g', 'Dr. Berg Fact-checks the Fact-Checker', '2023-11-27', 12769, '00:21:10', 125859, 'Who fact-checks the fact-');
INSERT into VIDEO values ('TiCi2TeKnQg', 'UC3w193M5tYPJqF0Hi-7U-2g', 'CYBER MONDAY SITEWIDE SALE', '2023-11-27', 506, '00:00:20', 11323, 'USE THIS COUPON CODE: BFC');
INSERT into VIDEO values ('xyNjoCrJW54', 'UC3w193M5tYPJqF0Hi-7U-2g', 'As we age, we lose stomach acid which can cause heartburn, GERD, and acid reflux. #GutHealth #DrBerg', '2023-11-25', 5878, '00:00:50', 82290, 'Dr. Eric Berg DC Bio:
Dr.');
INSERT into VIDEO values ('umInyvjfSbo', 'UC3w193M5tYPJqF0Hi-7U-2g', 'The Dr. Berg Show LIVE - November 24, 2023', '2023-11-24', 1833, '01:03:20', 39375, 'To find the Dr. Berg App ');
INSERT into VIDEO values ('JU7_8epY5OU', 'UCCvcd0FYi58LwyTQP9LITpA', 'Fallen Through the Cracks-Luwana', '2023-11-27', 1730, '00:16:19', 30044, 'Soft White Underbelly int');
INSERT into VIDEO values ('6d5n1s_kpIg', 'UCCvcd0FYi58LwyTQP9LITpA', 'From the Rubble-Brandon', '2023-11-25', 1255, '01:09:36', 44806, 'Soft White Underbelly int');
INSERT into VIDEO values ('Yi2XfM4QINI', 'UCCvcd0FYi58LwyTQP9LITpA', 'COVID Respiratory Therapist interview-Nic', '2023-11-24', 2642, '00:30:03', 69779, 'Soft White Underbelly int');
INSERT into VIDEO values ('55LYXwFulhI', 'UCCvcd0FYi58LwyTQP9LITpA', 'SWU Book promo-Donny', '2023-11-24', 1379, '00:05:26', 35308, 'The Soft White Underbelly');
INSERT into VIDEO values ('xGIFgS1XV1Y', 'UCCvcd0FYi58LwyTQP9LITpA', 'In Memory of...', '2023-11-23', 46269, '00:30:38', 1536713, 'A compilation of clips of');
INSERT into VIDEO values ('cvNd_FNPnkc', 'UC_pT_Iz6XjuM-eMTlXghdfw', '50% off jerky!! (6 more hours)', '2023-11-28', 504, '00:51:41', 13839, '—————
SUBSCRIBE and RING ');
INSERT into VIDEO values ('8eCovKu12h4', 'UC_pT_Iz6XjuM-eMTlXghdfw', 'What I ate in China', '2023-11-26', 103556, '00:00:51', 998520, 'What I ate in China Chec');
INSERT into VIDEO values ('wxeZxUVfZ9A', 'UC_pT_Iz6XjuM-eMTlXghdfw', 'I Fermented Beef in KIMCHI for 10 Days (and ate it)', '2023-11-24', 6084, '00:15:55', 121517, 'We know marinating beef i');
INSERT into VIDEO values ('MchzmS7qu7A', 'UC_pT_Iz6XjuM-eMTlXghdfw', 'Wagyu A5 Steak Accordion', '2023-11-24', 151509, '00:01:00', 1824399, 'Thanks to YouTube for spo');
INSERT into VIDEO values ('xNMTeHu8R8w', 'UC_pT_Iz6XjuM-eMTlXghdfw', 'Deep Fried Turkey', '2023-11-19', 289354, '00:00:36', 3908909, 'Turkey looks different th');

-- BAD VIDEO INSERTS
-- Non-inclusive to emojis
INSERT into VIDEO values ('F30gENvQr5Y', 'UC2KfmYEM4KCuA1ZurravgYw', 'Does it really Matter to you?', '2023-11-27', 56, '00:00:56', 1315, '👍🏿 Subscribe to our newsl');
INSERT into VIDEO values ('HZQmcEeXfS0', 'UC2KfmYEM4KCuA1ZurravgYw', 'Why PR is Good For Developers', '2023-11-26', 96, '00:00:50', 2250, '👍🏿 Subscribe to our newsl');
INSERT into VIDEO values ('ckfiLnc3J1Q', 'UC2KfmYEM4KCuA1ZurravgYw', 'What are Linux Distributions', '2023-11-25', 75, '00:00:40', 1763, '👍🏿 Subscribe to our newsl');
INSERT into VIDEO values ('_w_ib110_JI', 'UC2KfmYEM4KCuA1ZurravgYw', 'Should I Peer Review More?', '2023-11-24', 102, '00:00:43', 2256, '👍🏿 Subscribe to our newsl');
INSERT into VIDEO values ('OWserfpkMao', 'UCMSYZVlQmyG8_2MkIKzg0kw', 'A Navy Seal Saved MrBallens Life From a Grenade Explosion ✊', '2023-11-21', 14608, '00:00:57', 253351, 'Full Vid: https://youtu.b');


-- Inserts for Sponsors
INSERT into SPONSOR VALUES('Crunch Labs', 'https://www.crunchlabs.com/');
INSERT INTO SPONSOR VALUES('Roblox','https://www.roblox.com/');
INSERT INTO SPONSOR VALUES('Trolli','https://www.trolli.com/');
INSERT INTO SPONSOR VALUES('The Freeze Pipe','https://thefreezepipe.com/');
INSERT INTO SPONSOR VALUES('LiquidIV','https://www.liquid-iv.com/');
INSERT INTO SPONSOR VALUES('Policygenius','https://www.policygenius.com/');
INSERT INTO SPONSOR VALUES('Master Class','https://www.masterclass.com/');
INSERT INTO SPONSOR VALUES('Shopify','https://www.shopify.com/');
INSERT INTO SPONSOR VALUES('Better Help','https://www.betterhelp.com/');
INSERT INTO SPONSOR VALUES('Eightsleep','https://www.eightsleep.com/');
INSERT INTO SPONSOR VALUES('Notion','https://www.notion.so/');
INSERT INTO SPONSOR VALUES('ExpressVPN','https://www.expressvpn.com/');
INSERT INTO SPONSOR VALUES('LMNT','https://drinklmnt.com/');
INSERT INTO SPONSOR VALUES('Simplisafe','https://simplisafe.com/');

INSERT INTO SPONSOR VALUES('Inside Tracker','https://www.insidetracker.com/');
INSERT INTO SPONSOR VALUES('AG1','https://drinkag1.com/');
INSERT INTO SPONSOR VALUES('Oracle-Cloud','https://www.oracle.com/cloud/');
INSERT INTO SPONSOR VALUES('StreamYard','https://streamyard.com/');
INSERT INTO SPONSOR VALUES('Incogni','https://incogni.com/');
INSERT INTO SPONSOR VALUES('Brilliant','https://brilliant.org/');
INSERT INTO SPONSOR VALUES('Plunge','https://plunge.com/');
INSERT INTO SPONSOR VALUES('Anthros','https://www.anthros.com/');
INSERT INTO SPONSOR VALUES('Oracle-Netsuite','https://www.netsuite.com/portal/home.shtml?noredirect=T');
INSERT INTO SPONSOR VALUES('Kajabi','https://kajabi.com/');
INSERT INTO SPONSOR VALUES('Webull','https://www.webull.com/');

-- INSERT INTO SPONSOR VALUES('','');

--Inserts for Comments
INSERT INTO COMMENT VALUES ('UgzT9t_LuhN9ulTC1Wp4AaABAg', 'Zb01RStdzEs', 'Mark Rober', 'Just doing my part to protect the sad and candyless. Ask for the CrunchLabs Build Box for Christmas ', 11918, '2023-11-01');
INSERT INTO COMMENT VALUES ('UgzE0kWv9_prE_XJayV4AaABAg', 'Zb01RStdzEs', 'Gayan udugama', 'I wish you could do something about all these shoplifters- it’s getting out of hand', 0, '2023-11-28');
INSERT INTO COMMENT VALUES ('UgwVXGiEkU5KHwZ9E294AaABAg', 'Zb01RStdzEs', 'Mrgigawatt', 'This is the start of his villain arch.', 0, '2023-11-28');
INSERT INTO COMMENT VALUES ('Ugyc_9ngQ4PGtPgK46h4AaABAg', 'Zb01RStdzEs', 'pubgプロプレイヤー', '', 0, '2023-11-28');
INSERT INTO COMMENT VALUES ('UgxoLjuk5bDZQV5YCoR4AaABAg', 'Zb01RStdzEs', 'Dan Novikov', 'Pikachu costume was so funny)) Running with hands up', 0, '2023-11-28');
INSERT INTO COMMENT VALUES ('Ugx6zXKYuj5pfG0cmMB4AaABAg', 'Zb01RStdzEs', 'Leser 21', 'que mal la gente lationoamericana que no sabe ingles y no puede entrar a crunchLabs, tristeza pura :', 0, '2023-11-28');
INSERT INTO COMMENT VALUES ('UgweEofQ_XIeAw9paT54AaABAg', 'Zb01RStdzEs', 'Matthew Oughton', 'my favourite parts were <a href=https://www.youtube.com/watch?v=Zb01RStdzEs&amp;t=1m21s>1:21</a> and', 0, '2023-11-28');
INSERT INTO COMMENT VALUES ('Ugw4UZlSuimezqLRog54AaABAg', 'Zb01RStdzEs', 'Austin', 'That’s crol', 0, '2023-11-28');
INSERT INTO COMMENT VALUES ('Ugy2V86YM5u_I8J-L5F4AaABAg', 'Zb01RStdzEs', 'Owlbandito the banana', 'If your one of the last trick or treaters, in my opinion your aloud to take more than 1', 0, '2023-11-28');
INSERT INTO COMMENT VALUES ('UgxuiQMJfFMiUw_8EeJ4AaABAg', 'Zb01RStdzEs', 'Miggs Miggs', 'To think I’m 21 now, and at 11, being a little kid wanting to find a DIY Halloween costume 10 years ', 0, '2023-11-28');
INSERT INTO COMMENT VALUES ('UgwwA9VgNLIszS_MA9d4AaABAg', 'h81qq8Ne3go', 'Дмитрий Фролов', 'Good afternoon, please tell us how to eat with the presence of Gilbert&#39;s syndrome?', 0, '2023-11-28');
INSERT INTO COMMENT VALUES ('UgxlZ6rIfh9OLXmKyEd4AaABAg', 'h81qq8Ne3go', 'Vickie Deal', 'We love listening to you Dr. Berg and we trust you ,it&#39;s a shame that this guy has nothing bette', 0, '2023-11-28');
INSERT INTO COMMENT VALUES ('UgzomAtCCbviQ4R_rsV4AaABAg', 'h81qq8Ne3go', 'Recycled 🇨🇦', 'Let them eat grass, I will eat grass-fed animal flesh. Am I a vegan then???', 0, '2023-11-28');
INSERT INTO COMMENT VALUES ('UgwinJCiZWYpRe1zds94AaABAg', 'h81qq8Ne3go', 'Caden Cero', 'Well done Dr Berg!', 1, '2023-11-28');
INSERT INTO COMMENT VALUES ('Ugzezlwvj21S_sThrJ14AaABAg', 'h81qq8Ne3go', 'Arctic Arty Cat', 'More kitty litter from the Katz. What a contextual mess that was.', 0, '2023-11-28');
INSERT INTO COMMENT VALUES ('UgxTgSSNrHCYVPEKGVx4AaABAg', 'h81qq8Ne3go', 'Karl Witkowski', 'You will prevail, this guy is nothing.', 0, '2023-11-28');
INSERT INTO COMMENT VALUES ('UgyfmdkOOofMFr6UyEN4AaABAg', 'h81qq8Ne3go', 'Tree Orbs', 'I believe in you Dr Berg. Keep up the good fight.', 0, '2023-11-28');
INSERT INTO COMMENT VALUES ('UgxVIVyNe7iPQwbBX7N4AaABAg', 'h81qq8Ne3go', 'gay riggs', 'We don’t pay any attention to that fool fact checker! We know what’s up! Those who know you….know yo', 1, '2023-11-28');
INSERT INTO COMMENT VALUES ('Ugyna6_SwR6X5_7Dl9t4AaABAg', 'h81qq8Ne3go', 'Jesus Gamab', 'Humilty is key!', 0, '2023-11-28');
INSERT INTO COMMENT VALUES ('Ugx1yU4hVQtCi39tADF4AaABAg', 'h81qq8Ne3go', 'Lift Off Life', 'Research Dr Ancel Keys and his corruption of cholestorel data that started the demonisation of chole', 0, '2023-11-28');
INSERT INTO COMMENT VALUES ('UgywEFxLytqFspvUNoh4AaABAg', 'DDMNNYAYcmk', 'Gustavo B.Cervantes', 'Dope!', 0, '2023-11-21');
INSERT INTO COMMENT VALUES ('Ugy3MwGmkXVDGljnQIp4AaABAg', 'DDMNNYAYcmk', 'TộVilIan', 'hits the spot', 0, '2023-11-17');
INSERT INTO COMMENT VALUES ('UgysLYExZ6jVKM-bjzN4AaABAg', 'DDMNNYAYcmk', 'G.D.I', 'Sam smith is such a nasty  mfr', 0, '2023-11-17');
INSERT INTO COMMENT VALUES ('Ugy_6O7eWNOMyR2S7Nh4AaABAg', 'FCqNngv8Pso', 'Scam Nation', 'This looks so legit!<br><br>Full episode here: <a href=https://youtu.be/fWa6h7nAsWo?si=vo-ZeKMcpjW49', 0, '2023-11-21');
INSERT INTO COMMENT VALUES ('Ugyr_7t4_bPRYkOhiox4AaABAg', 'FCqNngv8Pso', 'V.musicProductions', 'I never fake flip, I&#39;m actually able to see the coin as it flips and manage to catch it at the e', 0, '2023-11-27');
INSERT INTO COMMENT VALUES ('UgwEX9ZaY68MKK8iOmR4AaABAg', 'FCqNngv8Pso', 'Tzisorey Tigerwuf', 'At one point I tried training myself to feel the difference of the head of the coin from the tail of', 2, '2023-11-26');
INSERT INTO COMMENT VALUES ('UgzQquhdnCBLWbgmWrp4AaABAg', 'FCqNngv8Pso', 'Mateo el Feo', 'But what if the other person flips the coin? Will I still win every time?', 1, '2023-11-26');
INSERT INTO COMMENT VALUES ('UgzgVJPQm5WHK6jfG9h4AaABAg', 'FCqNngv8Pso', 'CreationsVibration', 'Exposing NFL referees', 4, '2023-11-26');
INSERT INTO COMMENT VALUES ('UgyHWu8frxyCqbDBqUN4AaABAg', 'FCqNngv8Pso', 'Jeb Kermen', 'i&#39;ve been trying to fake coin flips for a time, thx for this', 3, '2023-11-25');
INSERT INTO COMMENT VALUES ('UgxZ8Rx2dodlypRIUxZ4AaABAg', 'C-4M3s_5TY4', 'iTeerRex', 'Moral of the story.. life was good til “they” ruined it. As they always do wherever they go.', 0, '2023-11-25');
INSERT INTO COMMENT VALUES ('Ugz2uUDmmT9zsBi5F6J4AaABAg', 'C-4M3s_5TY4', 'Nelhead', 'Still amazes me that alcohol is legal yet the deadly from withdrawals.', 0, '2023-11-25');
INSERT INTO COMMENT VALUES ('UgybwfTLXJbN12QA1kl4AaABAg', 'C-4M3s_5TY4', 'Dutch', 'Over The Rhine today is filled with Ivy League scholars', 1, '2023-11-25');
INSERT INTO COMMENT VALUES ('UgwHLjrpHRDiJuRMjLd4AaABAg', 'C-4M3s_5TY4', 'Rose Biss', 'I lived in Cincinnati for 59 years. I was always fascinated with the underground breweries. And the ', 1, '2023-11-25');
INSERT INTO COMMENT VALUES ('Ugyg1e69pmMidnfaNCd4AaABAg', 'mD7i7d-QJ44', 'Nick DiGiovanni', 'Subscribe for good luck', 583, '2023-11-20');
INSERT INTO COMMENT VALUES ('Ugzkhpw2_2Hj0z3uab54AaABAg', 'mD7i7d-QJ44', 'Zao', '“How to consume 1200 calories is 20 minutes”', 0, '2023-11-28');
INSERT INTO COMMENT VALUES ('UgzaW-r5e_m6mwXJzyd4AaABAg', 'mD7i7d-QJ44', 'Random 64', 'I swear this people are just farming diabetes', 0, '2023-11-28');
INSERT INTO COMMENT VALUES ('UgxCu86w5FU0Tzc6Z6F4AaABAg', 'mD7i7d-QJ44', 'ThatRedRabbit', 'Time for the squid games to begin', 0, '2023-11-28');
INSERT INTO COMMENT VALUES ('Ugw3mDFALAcO85xVd354AaABAg', 'mD7i7d-QJ44', 'KIDS FIRST', 'I mix this into homemade vanilla ice cream with chopped macadamia nuts ', 0, '2023-11-28');
INSERT INTO COMMENT VALUES ('UgyKUq_dndtgcc_BMot4AaABAg', 'mD7i7d-QJ44', 'isaac torres', 'Put the hat on', 0, '2023-11-28');
INSERT INTO COMMENT VALUES ('UgwX33dhNj6UHMYC6dF4AaABAg', 'mD7i7d-QJ44', 'Deborah Lyons', 'We call that sea foam this has been around for a hundred  years', 0, '2023-11-27');
INSERT INTO COMMENT VALUES ('UgwtJwCq4k5H757vuH14AaABAg', 'mD7i7d-QJ44', 'Edibeedee', 'Peanut brittle without the peanuts.', 0, '2023-11-27');
INSERT INTO COMMENT VALUES ('UgzrCkOXhkIhTe5HVPV4AaABAg', 'mD7i7d-QJ44', 'Uxchihaa', 'I have Trypophobia', 0, '2023-11-27');
INSERT INTO COMMENT VALUES ('UgzZiYlCwdJhll8NoSB4AaABAg', 'mD7i7d-QJ44', 'Abdullah Xteam', 'Bruh I thought it was a taco', 0, '2023-11-27');
INSERT INTO COMMENT VALUES ('UgwvGowyqVq2-1epIkJ4AaABAg', 'VESOkt7865E', 'Wondo XL', 'You guys really thought Myron was gonna lock his girl away for eternity . Fuck these incels Myron', 0, '2023-11-28');
INSERT INTO COMMENT VALUES ('Ugz6QmKDFG4F7tMu4hJ4AaABAg', 'VESOkt7865E', 'ghostmann', 'She’s a pretty girl who’s known thru ur content and ur pretty well known on the internet so I get it', 0, '2023-11-28');
INSERT INTO COMMENT VALUES ('UgzTv2Up38-RUIZrkRt4AaABAg', 'VESOkt7865E', 'Move Advisor', 'Yeah, men are not men anymore. Majority of you guys are extremely thirsty online beta male', 0, '2023-11-28');
INSERT INTO COMMENT VALUES ('UgyEGJ53qQup4JF2s6x4AaABAg', 'VESOkt7865E', 'Christopher Pinto', 'Expose the weirdos if it keeps happening bro', 9, '2023-11-27');
INSERT INTO COMMENT VALUES ('UgyI9D3ipB7mqmzegOt4AaABAg', 'VESOkt7865E', 'regina galvan', 'Thank you... protect your girl ', 5, '2023-11-27');
INSERT INTO COMMENT VALUES ('UgxY0S6JRO_33EBvBB54AaABAg', 'VESOkt7865E', 'BD14Cameron', 'Who&#39;s Angie', 9, '2023-11-27');
INSERT INTO COMMENT VALUES ('UgzIFFeDejER77TUYdZ4AaABAg', 'OeyLkXjqmc0', 'Trap City', 'What are your plans this weekend? ', 8, '2023-11-24');
INSERT INTO COMMENT VALUES ('UgzxehL7T624nSyl5fx4AaABAg', 'OeyLkXjqmc0', 'Jocoiscool', 'Amazing', 1, '2023-11-27');
INSERT INTO COMMENT VALUES ('UgzfLjndKLCowFGoRLR4AaABAg', 'OeyLkXjqmc0', 'Magicmika', 'Incredible one, btw, is this usable on a video or rights are needed ?', 0, '2023-11-26');
INSERT INTO COMMENT VALUES ('UgyZoYp2mCbxAXBwKh94AaABAg', 'OeyLkXjqmc0', 'Lyricalized', 'Lyrics: The FifthGuys &amp; JSTN DMND &amp; Rich Fayden<br><br>[Intro]<br>Yeah-yeah, JSTN DMND, Fift', 0, '2023-11-25');
INSERT INTO COMMENT VALUES ('Ugxk6waJAnkBmYPRYK54AaABAg', 'OeyLkXjqmc0', 'The FifthGuys', 'Happy to be back home on Trap City! <br><br>Shout out to the team', 1, '2023-11-25');
INSERT INTO COMMENT VALUES ('UgwpjrZrtt2SOePa8al4AaABAg', 'OeyLkXjqmc0', 'Diopside', 'Not bad, not bad at all!', 0, '2023-11-25');
INSERT INTO COMMENT VALUES ('UgzjCw4PbTZnJKonu_54AaABAg', 'OeyLkXjqmc0', 'Artur Gajnullin', 'oooooof, finally trapcity posted smth good', 0, '2023-11-25');
INSERT INTO COMMENT VALUES ('Ugy3W1t8VyvhRRBE4xR4AaABAg', 'OeyLkXjqmc0', 'brent huard', 'Woooo  lets go!!!! never doughted you for a second.....get it !!!!!!!!!! ', 2, '2023-11-25');
INSERT INTO COMMENT VALUES ('UgwnN0tzJYr4lLfmDWB4AaABAg', 'OeyLkXjqmc0', 'AMNCS OFFICIAL', 'Amazing master ', 1, '2023-11-24');
INSERT INTO COMMENT VALUES ('UgxziKzZUYmtxPlBwKd4AaABAg', 'OeyLkXjqmc0', 'Nyckkolas', 'see these guys in person? Id die for it The fifthguys and jstn dmnd in a song always is banger', 2, '2023-11-24');
INSERT INTO COMMENT VALUES ('UgwbZHyCqhn-okxSj8J4AaABAg', 'tZ1bFHKqHWg', 'Katanak Music', 'You are a legend Sana for including my song &#39;Take Us Back&#39; ', 0, '2022-07-04');
INSERT INTO COMMENT VALUES ('UgwEf82xZ2gMgA04HpV4AaABAg', 'F30gENvQr5Y', 'CYKPYK', 'Well, when you start a project in IntelliJ, you don&#39;t even have to write the main method, it&#39', 1, '2023-11-27');
INSERT INTO COMMENT VALUES ('UgyamymXabWesDALHXN4AaABAg', 'F30gENvQr5Y', 'Robert Murphy', 'As far as that specific change I agree. You write it once and done. It’s not an issue or as big of a', 0, '2023-11-27');
INSERT INTO COMMENT VALUES ('Ugx7_l9qExpSizamENJ4AaABAg', 'F30gENvQr5Y', 'Keva Hysell', 'It gave me strength', 0, '2023-11-27');
INSERT INTO COMMENT VALUES ('UgwdRBFa6X7YmbIpWbR4AaABAg', '2DGQZ4Nb1ws', 'Quang Pham', 'RIP  star forge, fatty Jake is out for y’all.', 0, '2023-11-28');
INSERT INTO COMMENT VALUES ('UgzfegyhbX-bFPzFbEJ4AaABAg', '2DGQZ4Nb1ws', 'Arthur Pendragon', 'i can&#39;t remember...when was part 2? ah well at least part 3 is here...i like this series.', 0, '2023-11-28');
INSERT INTO COMMENT VALUES ('UgyPspJsHDCdMkm-MCh4AaABAg', '2DGQZ4Nb1ws', 'Benjamin Thomas', 'This is hurting to watch the HP part', 0, '2023-11-28');
INSERT INTO COMMENT VALUES ('Ugw83BCZ1FMGo8oNoEx4AaABAg', '2DGQZ4Nb1ws', 'John Sinclair', 'Linus weirdo thinks he&#39;s Mr Beast now or something just review video cards properly for us thank', 0, '2023-11-28');
INSERT INTO COMMENT VALUES ('UgwzSFXHipWy8M74DEV4AaABAg', '2DGQZ4Nb1ws', 'Johnnyxp64', 'The worst phone support was the girl and the indian. Emd of story. Facts.', 0, '2023-11-28');
INSERT INTO COMMENT VALUES ('UgzCyOhn_W8zFKyBqfR4AaABAg', '2DGQZ4Nb1ws', 'ANDALE_YT', 'the oscar sholudhave ltt screwdriver in its hands <a href=https://www.youtube.com/watch?v=2DGQZ4Nb1w', 0, '2023-11-28');
INSERT INTO COMMENT VALUES ('UgzFGkLGJguHRKcXZWN4AaABAg', '2DGQZ4Nb1ws', 'orleyltd', 'Why not say &quot;Secret Shopper 3&quot; in the title?', 0, '2023-11-28');
INSERT INTO COMMENT VALUES ('Ugw_hOKWVoqL8zYXvHx4AaABAg', '2DGQZ4Nb1ws', 'ceterah', 'This was enjoyably painful to watch.', 0, '2023-11-28');
INSERT INTO COMMENT VALUES ('UgxBhJDd04GbA3dJar14AaABAg', '2DGQZ4Nb1ws', 'Eric Sondergard', 'GO SHEA', 0, '2023-11-28');
INSERT INTO COMMENT VALUES ('Ugy1qYpV31XLsF7unt54AaABAg', '2DGQZ4Nb1ws', 'StarsMarsRadio', 'In 2016 I decided to build instead of buy a prebuilt. Now I&#39;m a sysadmin.', 0, '2023-11-28');
INSERT INTO COMMENT VALUES ('UgwUb0teji_-crZ64z54AaABAg', 'QJNXXcf-tlo', 'Zay Hernandez', 'Sorry it didn’t make it', 0, '2023-11-15');
INSERT INTO COMMENT VALUES ('UgxvRHAWs6gx1TCkKrZ4AaABAg', 'QJNXXcf-tlo', 'Dreamer', 'So happy to see it’s doing well!! Thanks for sharing!! <br>', 0, '2023-11-13');
INSERT INTO COMMENT VALUES ('UgyWNDfheWF6FpxEz094AaABAg', 'QJNXXcf-tlo', 'B_2_the_P', 'The story alone makes this one a keeper,   you gotta keep this one right?', 0, '2023-11-13');
INSERT INTO COMMENT VALUES ('UgzFZlPS1kiB7nDJqPJ4AaABAg', 'QJNXXcf-tlo', 'Florida cracker', 'But can you eat em', 0, '2023-11-12');
INSERT INTO COMMENT VALUES ('UgwQ8kPULObxCWFqj8R4AaABAg', 'QJNXXcf-tlo', 'Slithery Serpents', '', 0, '2023-11-11');
INSERT INTO COMMENT VALUES ('UgwCxCJ_fhdduaskUs54AaABAg', 'QJNXXcf-tlo', 'Lindsay Clark', 'Awwwwww so cute!  I think there&#39;s something extra cute about baby reptiles ', 0, '2023-11-10');
INSERT INTO COMMENT VALUES ('UgzsZPGIZNUHEh4SnQp4AaABAg', 'QJNXXcf-tlo', 'Steve Petlock', 'My daughter just found a first round Kamp Kenan shirt at a thrift store! She&#39;s so excited', 2, '2023-11-10');
INSERT INTO COMMENT VALUES ('UgwNV4g2LJm7EhS1dDV4AaABAg', 'QJNXXcf-tlo', 'Nate Ass', 'This was Kk&#39;s eggs that mysteriously hatched and lived ????', 2, '2023-11-09');
INSERT INTO COMMENT VALUES ('UgzAS4b6uLcqXO5vYMZ4AaABAg', 'QJNXXcf-tlo', 'The Animal King', 'Can’t wait!', 2, '2023-11-09');
INSERT INTO COMMENT VALUES ('UgxvzSz3IOtf8g0wQLZ4AaABAg', 't4ejFV6n4b8', 'Arimathéia Otto', 'M4 Ultra and the end of Rosetta in October?', 0, '2023-11-26');
INSERT INTO COMMENT VALUES ('Ugw74LQH79-jDRJ-MNx4AaABAg', 't4ejFV6n4b8', 'TheBBQify', 'I can&#39;t lie, that matte black aluminum is calling me...', 0, '2023-11-26');
INSERT INTO COMMENT VALUES ('UgzrRqQz7uHyQ2K2fzd4AaABAg', 't4ejFV6n4b8', 'Delta 528', 'I ordered 3 new 14-inch M3 MacBook Pros for our research lab. I am new to Macs and soon discovered t', 0, '2023-11-25');
INSERT INTO COMMENT VALUES ('Ugz4ghVXnCVqUTIZZpl4AaABAg', 't4ejFV6n4b8', 'Kevin Fernandez', 'Mkbhd:  Amazing production  <br><br>Trillion dollar company:  <b>blushing</b> ohh staap it', 0, '2023-11-25');
INSERT INTO COMMENT VALUES ('UgwYLiI5fT4p4EebmEh4AaABAg', 't4ejFV6n4b8', 'Boot to Bonnet', 'Didn’t the m2 MacBook pros just come out in January? They already replaced it in the same year?', 0, '2023-11-25');
INSERT INTO COMMENT VALUES ('Ugwa3SKHzqoO1hCQJzd4AaABAg', 't4ejFV6n4b8', 'Duncan Wallace', 'If you want a better option than the magic keyboard with the old connectors, I just upgraded from an', 0, '2023-11-24');
INSERT INTO COMMENT VALUES ('Ugx7LtPMlIvQ6hQZzJV4AaABAg', 't4ejFV6n4b8', 'jamie souza', 'I just want to know if 18 core is enough because they are all sold out of the 30 core', 0, '2023-11-24');
INSERT INTO COMMENT VALUES ('UgyWZWbDLkzuhkkbrbp4AaABAg', 't4ejFV6n4b8', 'Opmac Ace', 'Maybe they should not have a 8gb base ram and have cheaper ram upgrade prices', 0, '2023-11-24');
INSERT INTO COMMENT VALUES ('Ugy-iFEoMKdnZeEr_Xt4AaABAg', 't4ejFV6n4b8', 'Brent van Malsen', 'I got a macbook air m2 2023 and I do all kinds of CGI, working with blender, Adobe etc, and it basic', 0, '2023-11-23');
INSERT INTO COMMENT VALUES ('UgxN8YOZFjdU1Q6r8XJ4AaABAg', 't4ejFV6n4b8', 'Dirk', 'Glossing over the ripoff 8gb RAM scam', 0, '2023-11-23');
INSERT INTO COMMENT VALUES ('UgwAI7kxiLWvUIAuSjZ4AaABAg', 'yvdtwKF87Ts', 'Its So Hypnotic', 'observe', 0, '2023-11-24');
INSERT INTO COMMENT VALUES ('UgySYiwmfJpbxDoJgt14AaABAg', 'yvdtwKF87Ts', 'Mohammed Awad', 'Good explanation', 0, '2023-10-31');
INSERT INTO COMMENT VALUES ('UgwUrSYDU9Scg3bHffJ4AaABAg', 'yvdtwKF87Ts', 'Hoa x', 'Ok, explaied to understand where is it? What it is  thank god you are here', 0, '2023-10-27');
INSERT INTO COMMENT VALUES ('UgyjaOrG2yFx7OIRuwt4AaABAg', 'yvdtwKF87Ts', 'Emir Kurt', 'awesome tutorial for computer engineers thanks for making sir', 1, '2023-10-24');
INSERT INTO COMMENT VALUES ('UgyPRKLwsUMcHJmAj994AaABAg', 'yvdtwKF87Ts', 'Nyx', '<a href=https://www.youtube.com/watch?v=yvdtwKF87Ts&amp;t=8m47s>8:47</a> , why is it stored in 10 bi', 1, '2023-10-10');
INSERT INTO COMMENT VALUES ('UgwuANRCnpRyDUujdAp4AaABAg', 'yvdtwKF87Ts', 'Afroz Khan', 'Donkey voice male', 0, '2023-10-07');
INSERT INTO COMMENT VALUES ('UgwGq4g4PtEyFccFjrp4AaABAg', 'yvdtwKF87Ts', 'H- BacDZ', 'ENSIA students ', 1, '2023-10-07');
INSERT INTO COMMENT VALUES ('UgztQNFdwBiVNdlF0sd4AaABAg', 'yvdtwKF87Ts', 'Nyx', 'In implicit normalization  .... We need to move to the Right side, right? <br>But sir, u moved to th', 0, '2023-10-07');
INSERT INTO COMMENT VALUES ('Ugxz1MorKZyNwzRVw_R4AaABAg', 'yvdtwKF87Ts', 'Sanju', 'Your teaching way is so adorable I wish to god your growth increase so soon ', 0, '2023-09-17');
INSERT INTO COMMENT VALUES ('UgzyDB50vsgcXmIXHZd4AaABAg', 'yvdtwKF87Ts', 'GOD- SPRAY', '<a href=https://www.youtube.com/watch?v=yvdtwKF87Ts&amp;t=10m52s>10:52</a> how did you know it&#39;s', 0, '2023-09-14');
INSERT INTO COMMENT VALUES ('Ugz8joEmis_eij1EmhB4AaABAg', 'Lp1k-GG36a4', 'Komodo Stories Channel', 'Where did you see this ?', 0, '2023-11-28');
INSERT INTO COMMENT VALUES ('UgzAZ8-BGtgChhEgDsZ4AaABAg', 'Lp1k-GG36a4', 'Wendy Harris', 'I can&#39;t imagine that rabbit fur is either tasty or nutritional for this dragon. How funny that h', 0, '2023-11-28');
INSERT INTO COMMENT VALUES ('Ugxuzw18ZDQh-xUeiyt4AaABAg', 'Lp1k-GG36a4', 'Wendy Harris', 'I would love to see Slinky next to a komodo dragon to compare in size. Slinky doesn&#39;t appear tha', 0, '2023-11-28');
INSERT INTO COMMENT VALUES ('Ugx_Xt-hXbGrQVQS3c14AaABAg', 'Lp1k-GG36a4', 'Juelz', 'I wish Kenan can have a Komodo Dragon', 1, '2023-11-27');
INSERT INTO COMMENT VALUES ('UgyFX8kqjl_RUzdumFt4AaABAg', 'Lp1k-GG36a4', 'Alberad08', 'When he described how the animal went to sleep with that deer leg sticking out of its mouth, I had t', 0, '2023-11-27');
INSERT INTO COMMENT VALUES ('Ugzm9kLPliG6ocN_sH14AaABAg', 'Lp1k-GG36a4', 'Jason', 'viewer discretion advised....', 0, '2023-11-27');
INSERT INTO COMMENT VALUES ('UgyeCB-WmwWCETpFRt94AaABAg', 'Lp1k-GG36a4', 'Marcos Avila', 'Working with Reptiles is a awesome job i love the reptile hobby', 0, '2023-11-27');
INSERT INTO COMMENT VALUES ('Ugwq4JaT1f_Ai-M5Wyh4AaABAg', 'Lp1k-GG36a4', 'Lionman', 'Great video', 0, '2023-11-27');
INSERT INTO COMMENT VALUES ('Ugz5-psJwJt7GLukAdN4AaABAg', 'Lp1k-GG36a4', 'guy iuculano', 'Bro you really need to get a pair of Komodo’s they would really be the pinnacle of the camp and be a', 0, '2023-11-27');
INSERT INTO COMMENT VALUES ('UgwMVIRv4MAA9SyzWQl4AaABAg', 'Lp1k-GG36a4', 'Jeb_Vlogs', 'So it&#39;s the SSP and TSA, Busch gardens, wildlife /fishery, UACR, USArk who allow stock collectio', 0, '2023-11-27');
INSERT INTO COMMENT VALUES ('Ugxcqo7VJz6mfH---dR4AaABAg', 'S4MzgqIhkBk', 'Nick DiGiovanni', 'Subscribe if you love osmo', 514, '2023-11-24');
INSERT INTO COMMENT VALUES ('UgxNJ7Qu4XS54y_d9294AaABAg', 'S4MzgqIhkBk', 'EverlastingFire', 'My mom’s name is megan', 0, '2023-11-28');
INSERT INTO COMMENT VALUES ('UgzhR06HzFgbmhpbufx4AaABAg', 'S4MzgqIhkBk', 'Cayle the goat', 'Ok let’s go a discount but of course I see this video on the 28th', 0, '2023-11-28');
INSERT INTO COMMENT VALUES ('UgyV7juIgWoZoQZ9vCN4AaABAg', 'S4MzgqIhkBk', 'HAPPYBOl', 'Don’t act like you didn’t fake all of this for clout… Just say you wanted to help around for a day i', 1, '2023-11-28');
INSERT INTO COMMENT VALUES ('Ugye83ClNryxFEEdGFN4AaABAg', 'S4MzgqIhkBk', 'The Saminator ', 'YouTube video sponsoring YouTube ', 1, '2023-11-28');
INSERT INTO COMMENT VALUES ('UgwIALs1b85eicIlRp94AaABAg', 'S4MzgqIhkBk', 'Rania Mohammed', 'Is osmo his own business?', 0, '2023-11-27');
INSERT INTO COMMENT VALUES ('UgybrXmZHo5Ld0h9Zut4AaABAg', 'S4MzgqIhkBk', 'Get-clipped784', 'Nooooooo i just missed it', 0, '2023-11-27');
INSERT INTO COMMENT VALUES ('Ugy82RDQgDzP43P3jVV4AaABAg', 'S4MzgqIhkBk', 'rage Monster', 'You wouldn’t catch my ass dead paying 25 dollars for salt ', 1, '2023-11-27');
INSERT INTO COMMENT VALUES ('UgxFK-xVLKwELh2M85B4AaABAg', 'S4MzgqIhkBk', 'Abu wahid', 'Free Palestine ', 0, '2023-11-27');
INSERT INTO COMMENT VALUES ('UgwFv1mpc5Kp0o3cezp4AaABAg', 'S4MzgqIhkBk', 'Dr D', 'Those styrofoam packing peanuts are so BAD for the environment!!   You can’t recycle those', 0, '2023-11-27');
INSERT INTO COMMENT VALUES ('UgwVkOHv38GgFHEDbyt4AaABAg', 'W5zqC5cYcS0', 'Carol', 'And when you&#39;re an introvert, and you&#39;re hearing a loud extrovert. Brain cells are screaming', 0, '2023-11-27');
INSERT INTO COMMENT VALUES ('UgxPn6CasUxv_dHM05p4AaABAg', 'W5zqC5cYcS0', 'WickedIndigo', 'Well I guess I gotta sell my guitar and buy a bass. I’m officially convinced, thanks Dr. Huberman', 0, '2023-11-27');
INSERT INTO COMMENT VALUES ('UgzkoKZnujy2wo-m0NF4AaABAg', 'W5zqC5cYcS0', 'crypton_8L', 'your voice, and your presence. both soothing and inspiring mr huberman ', 1, '2023-11-27');
INSERT INTO COMMENT VALUES ('UgxsidZ7KEbTu7TNWcx4AaABAg', 'W5zqC5cYcS0', 'Ana', 'That&#39;s why listening to this man and men like him is so soothing. He is the one with the late ni', 0, '2023-11-27');
INSERT INTO COMMENT VALUES ('UgwA90k2CXURUAccFnB4AaABAg', 'W5zqC5cYcS0', 'The Awakening of Angela ', 'One of my own tricks is if I am remembering an awful memory I breathe in and out very fast. Not only', 0, '2023-11-26');
INSERT INTO COMMENT VALUES ('UgwrqflI73MIMp9I5jJ4AaABAg', 'W5zqC5cYcS0', 'O M', 'Thats why women high pitch screeching sounds are so annoying', 0, '2023-11-26');
INSERT INTO COMMENT VALUES ('Ugy1V9ZwOBpkM-DaNq54AaABAg', 'W5zqC5cYcS0', 'Nicole Boie', 'Lord, i. Love<br> Him.', 0, '2023-11-26');
INSERT INTO COMMENT VALUES ('Ugybo2zPPdIIqh7GaMF4AaABAg', 'W5zqC5cYcS0', 'J N', 'Hate to say it, but even as a woman, I prefer low tones in male and female voices. Some guys and mos', 0, '2023-11-26');
INSERT INTO COMMENT VALUES ('Ugx6WQHap7kS-9130614AaABAg', 'W5zqC5cYcS0', 'Eto', 'Slow, low, loud as casanova once said :)', 0, '2023-11-26');
INSERT INTO COMMENT VALUES ('UgyN7YmGI5l1hqnVtd14AaABAg', 'W5zqC5cYcS0', 'redrock1963', 'I&#39;ve heard that females are more attuned to higher frequencies which helps them to respond to a ', 1, '2023-11-26');
INSERT INTO COMMENT VALUES ('UgwYaa0eFY_hiI1V_R14AaABAg', 'JU7_8epY5OU', 'Goldy Locz', ' for healing. Thank you for sharing.', 0, '2023-11-28');
INSERT INTO COMMENT VALUES ('UgzPcHWSIivmVZYqGcl4AaABAg', 'JU7_8epY5OU', 'Christine Cole', 'I definitely want to see her on here again ..with updates.<br>I am hoping some good things come her ', 0, '2023-11-28');
INSERT INTO COMMENT VALUES ('UgxfrkJvbR-uDEW_wyF4AaABAg', 'JU7_8epY5OU', 'Cece Adams ', 'I’d love to adopt her for Christmas  I love her soul so much. How could I contact her Mark?', 0, '2023-11-28');
INSERT INTO COMMENT VALUES ('Ugz0CkD1Q9IJ2RFxgMZ4AaABAg', 'JU7_8epY5OU', 'Felicia H', 'I wish I could give her a hug...much hope and love to you Lawana', 0, '2023-11-28');
INSERT INTO COMMENT VALUES ('Ugz3y5Y0iTetCE3p1IF4AaABAg', 'JU7_8epY5OU', 'Paul Bright', 'Reminds me of something I heard years ago, “Hurting people hurt.”', 0, '2023-11-28');
INSERT INTO COMMENT VALUES ('UgwTu0cLg5qVDZUE3F94AaABAg', 'JU7_8epY5OU', 'Mel J', 'Thank you for the interview Luwana &amp; SWU<br>GOD bless you beautiful Sister ', 0, '2023-11-28');
INSERT INTO COMMENT VALUES ('UgwXsWD9YFzJ0q1qKDB4AaABAg', 'JU7_8epY5OU', 'Marjorie Smales', 'If Luwana&#39;s children see this video, please give her a chance to redeem herself with you. Her si', 0, '2023-11-28');
INSERT INTO COMMENT VALUES ('Ugx56az3TIty5tOexjN4AaABAg', 'JU7_8epY5OU', 'Lobo_Fish', 'Luwana is an amazing human, thanks for sharing and thanks for posting.', 0, '2023-11-28');
INSERT INTO COMMENT VALUES ('Ugx9bI_R3f90eBLAFKp4AaABAg', 'JU7_8epY5OU', 'littlestar', 'Much blessings and luv<br>Luwanna .. you’re in my thoughts and prayers ', 0, '2023-11-28');
INSERT INTO COMMENT VALUES ('Ugy2pvd3Z7VvXJBsojB4AaABAg', 'JU7_8epY5OU', 'Kristie Deanda', 'You are so very brave honey!', 0, '2023-11-28');
INSERT INTO COMMENT VALUES ('UgyhA_eCExP4rSrGzTt4AaABAg', 'hJS4DHtr9X4', 'voidox', 'dom going to insane lengths to solely blame kanavi despite spending the year talking about how JDG a', 0, '2023-11-25');
INSERT INTO COMMENT VALUES ('UgzMUqj45knQinvlWA14AaABAg', 'hJS4DHtr9X4', 'SR9', 'Chovy and knight are the biggest frauds they should be given a dade figurine', 0, '2023-11-18');
INSERT INTO COMMENT VALUES ('UgxBlLY1JaGcPLljoAd4AaABAg', 'hJS4DHtr9X4', 'Spice', 'I will say, I don&#39;t think the narrative that T1&#39;s opponents choked or inted is fair. It&#39;', 1, '2023-11-18');
INSERT INTO COMMENT VALUES ('Ugx_9Y6IMQIz-eVmz4x4AaABAg', 'hJS4DHtr9X4', 'SR9', 'Its funny dom thinks jdg is greatest team coz they compete in lpl lol bruh t1 stomped 3 lpl teams 8-', 0, '2023-11-18');
INSERT INTO COMMENT VALUES ('Ugy0OLrLyRi27Oh2BQ94AaABAg', 'hJS4DHtr9X4', 'lain', '<a href=https://www.youtube.com/watch?v=hJS4DHtr9X4&amp;t=1h14m06s>1:14:06</a> &quot;fourth in a row', 0, '2023-11-18');
INSERT INTO COMMENT VALUES ('Ugyvv8lllAIh_ZBFf654AaABAg', 'hJS4DHtr9X4', 'kowser tushar', 'nobody mention jeus has covid last world final', 1, '2023-11-17');
INSERT INTO COMMENT VALUES ('UgwzY10et5t8n6Y8lsx4AaABAg', 'hJS4DHtr9X4', 'Emil Larsson', 'Dgon is so fucking dumb it actually hurts my soul', 0, '2023-11-17');
INSERT INTO COMMENT VALUES ('Ugz_7Gt0EFkA_X361Gp4AaABAg', 'hJS4DHtr9X4', 'class world', 'Dom shit clown', 0, '2023-11-17');
INSERT INTO COMMENT VALUES ('UgwVktlZ7uymz7wW0ZV4AaABAg', 'hJS4DHtr9X4', 'James Artemio', 'Ofc.. going to blame it all on kanavi.<br><br>If kanavi got paid 16M to throw, how much is the &quot', 0, '2023-11-17');
INSERT INTO COMMENT VALUES ('UgyBGdXdgsoMUa07c_14AaABAg', 'hJS4DHtr9X4', 'Phorever Gaming', 'I am sorry dom, but to not be able to just admit that T1 outplayed JDG on almost every front makes y', 0, '2023-11-17');
INSERT INTO COMMENT VALUES ('UgyY2HWtPYJQHfx8g6h4AaABAg', 'tENOGNSmj14', 'Ivy Bonilla', 'When r u guys gonna come to nyc ?', 0, '2023-11-28');
INSERT INTO COMMENT VALUES ('UgwvnU97-5rt8cYBHul4AaABAg', 'tENOGNSmj14', 'Sean Lee', 'Who can I contact for distribution?', 0, '2023-11-28');
INSERT INTO COMMENT VALUES ('Ugx_0V8j9KPYtUSW1Yx4AaABAg', 'tENOGNSmj14', 'Mariam', 'since when did ester have tattoos on her arms hello ', 0, '2023-11-28');
INSERT INTO COMMENT VALUES ('Ugz2NcGmKPD8wxv96V14AaABAg', 'tENOGNSmj14', 'Daydreamer', 'Sssniperwolf has some serious back lash so I don&#39;t think u guys should bring her on ', 0, '2023-11-27');
INSERT INTO COMMENT VALUES ('UgzDqmjWRn2zTOzTjHB4AaABAg', 'tENOGNSmj14', 'Vee_ 04', 'This is my favorite podcast every episode is FIREEE', 0, '2023-11-27');
INSERT INTO COMMENT VALUES ('Ugw1GyqpUpnQqP929lN4AaABAg', 'tENOGNSmj14', 'Jannelle Garcia', 'yall should try exotic foods', 0, '2023-11-27');
INSERT INTO COMMENT VALUES ('Ugyd_GHJxzqyGC54eo14AaABAg', 'tENOGNSmj14', 'Micah', 'I got a feeling they gonna do a soju ', 0, '2023-11-27');
INSERT INTO COMMENT VALUES ('UgxC_HSk_weZsuwHAc14AaABAg', 'tENOGNSmj14', 'calista0613', 'Let Esther name her foods!!! ', 0, '2023-11-27');
INSERT INTO COMMENT VALUES ('UgyQR5rfARvX1QpuhOF4AaABAg', 'tENOGNSmj14', 'calista0613', 'Jeremy sounds so nasally and congested  I hope yall feelin better now ', 0, '2023-11-27');
INSERT INTO COMMENT VALUES ('Ugwl4fPTUD2pvrT62nl4AaABAg', 'tENOGNSmj14', 'Nubia Vergara', 'J Cole is top tier ain’t nothing that can compre to his shows or music', 0, '2023-11-26');
INSERT INTO COMMENT VALUES ('UgzT89_xWnkvyOIDjdx4AaABAg', 'r21zyda3TZ0', 'Knight of Light 77', 'It is 2 days old.', 0, '2023-11-26');
INSERT INTO COMMENT VALUES ('UgxDFptobFlWsLLZKuR4AaABAg', 'r21zyda3TZ0', 'Jake Wilson', 'Not many comments on this video ', 1, '2023-11-26');
INSERT INTO COMMENT VALUES ('UgzuSrtMjWp8b2slB_x4AaABAg', 'r21zyda3TZ0', 'William Kreth', 'So wild.', 2, '2023-11-24');
INSERT INTO COMMENT VALUES ('UgxP19w-aaQom8XEjCB4AaABAg', 'k8YYyyWaAw8', 'Bernardino Theodoro', 'I would like to see either putting the part of the vehicle', 0, '2023-11-26');
INSERT INTO COMMENT VALUES ('UgyFSeTgyBaADWf6d354AaABAg', 'k8YYyyWaAw8', 'CallMeScripted', 'My car needs to be extracted lol', 0, '2023-11-26');
INSERT INTO COMMENT VALUES ('UgyAG8GQ2BQrUn-Z09t4AaABAg', 'k8YYyyWaAw8', 'Joel Buchanan', 'Love the music. The steamer is rocking it. Go Mitch!<a href=about:invalid#zCSafez></a><a href=about:', 2, '2023-11-26');
INSERT INTO COMMENT VALUES ('Ugx0qZ6Q5ddsEcc0-_R4AaABAg', 'k8YYyyWaAw8', 'Laurie D', 'The cleaner, steamer, scrubber, and water cut through the dirt like buttah!', 0, '2023-11-26');
INSERT INTO COMMENT VALUES ('Ugx15Uj2prhQYCDTxbN4AaABAg', 'k8YYyyWaAw8', 'William Hayes', 'Hey Mitch, who&#39;s your favorite hockey team?', 0, '2023-11-25');
INSERT INTO COMMENT VALUES ('Ugz7TitA9l3bHeMMMmx4AaABAg', 'k8YYyyWaAw8', 'c. B.', 'Wasser und Spülmittel wären zu einfach????', 0, '2023-11-25');
INSERT INTO COMMENT VALUES ('UgxKFOp7SOYIrgvwLmV4AaABAg', 'k8YYyyWaAw8', 'Doc Tony', 'Making money is an action. Keeping money is behavior, but “growing money is wisdom”. I found this ou', 1, '2023-11-25');
INSERT INTO COMMENT VALUES ('Ugx1wYZ3-B5BUP0L5WF4AaABAg', 'k8YYyyWaAw8', 'Blake Smith', 'What is the song though??', 0, '2023-11-25');
INSERT INTO COMMENT VALUES ('UgxtsbG8M2j6PZ1xxSN4AaABAg', 'k8YYyyWaAw8', 'Elizabeth Ann Farrow', 'Maybe you should put some coat&#39;g on that and show your product description.I wonder if any1 has ', 0, '2023-11-25');
INSERT INTO COMMENT VALUES ('UgytEBtNoaarlj_hrcN4AaABAg', 'k8YYyyWaAw8', 'Cynthia Hopkins', 'How wonderful I love your short video.  Let&#39;s have fun!<a href=about:invalid#zCSafez></a><a href', 1, '2023-11-25');
INSERT INTO COMMENT VALUES ('UgwyCcXqjW2NMAa039B4AaABAg', 'O-9r_STaLp0', 'riskyguy47', 'Only fear of losing my hair is stopping me from taking creatine', 0, '2023-11-27');
INSERT INTO COMMENT VALUES ('UgzGPDZRdleMvvgTybR4AaABAg', 'O-9r_STaLp0', 'bigk', 'I had to stop in college I got way to big! If u need to gain weight I highly recommend it!!', 0, '2023-11-21');
INSERT INTO COMMENT VALUES ('UgybWmYaQMDeZq6jI4V4AaABAg', 'O-9r_STaLp0', 'Hello I am Charlie', 'Creatine supplements will destroy ur kidneys', 0, '2023-11-20');
INSERT INTO COMMENT VALUES ('UgyJlM5pWqzi6fUGItF4AaABAg', 'O-9r_STaLp0', 'Chiki.Shanukalkal', 'How you are doing video editing', 0, '2023-11-19');
INSERT INTO COMMENT VALUES ('UgzWhyi0msslVy74DLt4AaABAg', 'O-9r_STaLp0', 'Moutaokao', 'Yes and u look bloated due to water retention', 0, '2023-11-19');
INSERT INTO COMMENT VALUES ('UgxcSU21UGV_G2jLd7Z4AaABAg', 'O-9r_STaLp0', 'beautiful flower', 'AND HOW FUN*:  ATP SUPLEMENTS ARE NOW PROHIBITTED IN STUPID EUROPEGOOD ON YOU EUROPEGREAT...PFFF....', 0, '2023-11-17');
INSERT INTO COMMENT VALUES ('Ugx_VE2SidN1ix9-0OV4AaABAg', 'O-9r_STaLp0', 'Butrus Damaskus', 'that&#39;s why i eat meat', 0, '2023-11-17');
INSERT INTO COMMENT VALUES ('Ugx75eB57CYnof1NPJl4AaABAg', 'O-9r_STaLp0', 'DeftestAphid2', 'And if you dont hydrate(hydrate enough most likely), your kidneys may be in dire condition, and use ', 4, '2023-11-17');
INSERT INTO COMMENT VALUES ('UgyGS_5eTN0gc0zZaCJ4AaABAg', 'O-9r_STaLp0', 'Navdeep Singh', 'good to see you have shown king kohli doing his lift', 0, '2023-11-12');
INSERT INTO COMMENT VALUES ('UgxYPxxE_wLAF53rmfx4AaABAg', 'O-9r_STaLp0', 'Sundown The legend', 'Creatine hasnt done ish for me thats the biggest hoax in the workout industry', 0, '2023-11-12');
INSERT INTO COMMENT VALUES ('Ugz2oXPg1U2XQ5m9pvp4AaABAg', '_yjc8AulnDk', 'Riley Bee', 'Elon Musk in the background: &quot;Fight! Fight! Fight!&quot;', 0, '2023-11-28');
INSERT INTO COMMENT VALUES ('UgxhLtO8-1mNWtI7xCx4AaABAg', '_yjc8AulnDk', 'Shyam Sundar', 'What if the AI is blackmailing the board members to fire Sam!?!!!', 0, '2023-11-28');
INSERT INTO COMMENT VALUES ('UgygmoKyxXqS8zd39bF4AaABAg', '_yjc8AulnDk', 'Phonixrmf', 'The Board to Ilya: Hold on, this whole operation was your idea', 0, '2023-11-28');
INSERT INTO COMMENT VALUES ('Ugw5Kzv4J7otEutowSh4AaABAg', '_yjc8AulnDk', 'Maxime Racicot', 'We cannot let one company, or one man, determine the future of our economies, livelihoods, or maybe ', 0, '2023-11-28');
INSERT INTO COMMENT VALUES ('UgzFuQJ5i_edXGhGc-R4AaABAg', '_yjc8AulnDk', 'Jarl Froysa', 'This technology only makes me sad, even if it is impressive and interesting. We are unwillingly a pa', 0, '2023-11-28');
INSERT INTO COMMENT VALUES ('UgxHUQuTCMuMriFEnl14AaABAg', '_yjc8AulnDk', 'John Fugazzi', 'The non profit board, however well intended , were overly idealistic about controlling technological', 0, '2023-11-28');
INSERT INTO COMMENT VALUES ('Ugz2OeCHaYYKv3FNVs14AaABAg', '_yjc8AulnDk', 'Zero', 'Microsoft trying to full take over and replace everyone ', 0, '2023-11-28');
INSERT INTO COMMENT VALUES ('UgywRNWn8cRsj-dlBZ54AaABAg', '_yjc8AulnDk', 'Aung Phyo Thu', 'Skynet online in 3 2 1....', 0, '2023-11-28');
INSERT INTO COMMENT VALUES ('Ugy3c6gWFA7IA8XObaV4AaABAg', '_yjc8AulnDk', 'Erbol Musabekov', 'IPO that&#39;s the answer. Programmers want piece of a pie by IPO. Board was afraid because his stra', 0, '2023-11-28');
INSERT INTO COMMENT VALUES ('UgziSDPskvncgFF0wwF4AaABAg', '_yjc8AulnDk', 'ashtonal', 'Video pro machiavellians… realists will show that your blindness to the dangers of AI makes the chan', 0, '2023-11-28');
INSERT INTO COMMENT VALUES ('UgzOk250i-IjhQbgKcN4AaABAg', 'xyNjoCrJW54', 'Jennie Reynolds', 'How do you know what PH your stomach is? Is there a test for it?', 0, '2023-11-28');
INSERT INTO COMMENT VALUES ('Ugy_JCH8MlKBBtZfyfx4AaABAg', 'xyNjoCrJW54', 'Stormy Girl', 'How do you fix it? Fermented foods?', 0, '2023-11-28');
INSERT INTO COMMENT VALUES ('Ugw-zqUmOkM99r5zmi14AaABAg', 'xyNjoCrJW54', 'Tammy Jones', 'Several years ago I was having a major problem with acid reflux. I was confused as to what was causi', 0, '2023-11-28');
INSERT INTO COMMENT VALUES ('UgwQA0Ao6D0LQjzNU2Z4AaABAg', 'xyNjoCrJW54', 'Sarah', 'Does this cause lots of burping? I&#39;ve noticed my mum burp a lot more after eating. She didn&#39;', 0, '2023-11-28');
INSERT INTO COMMENT VALUES ('UgxSZ0WyRFeOszimhYB4AaABAg', 'xyNjoCrJW54', 'James Galea', 'I was on ppi for so long, 10+ years. Always told thet were completely fine....... Needless to say th', 0, '2023-11-27');
INSERT INTO COMMENT VALUES ('Ugx5dMxyNGZDhZJP9Fh4AaABAg', 'xyNjoCrJW54', 'Fjara 01', 'So, what can one do yo stop the acid reflux etc, or how can  we make the stomach acid strong enough ', 0, '2023-11-27');
INSERT INTO COMMENT VALUES ('UgxP-TuYGHy6Ac0ZgJt4AaABAg', 'xyNjoCrJW54', 'Bb P', 'Is there a link to the full video?', 0, '2023-11-27');
INSERT INTO COMMENT VALUES ('Ugz7IbpRZPHoenrMwXR4AaABAg', 'xyNjoCrJW54', 'Sultyn', 'Thanks Dr.Berg!!!', 0, '2023-11-27');
INSERT INTO COMMENT VALUES ('Ugw--_mnRYmb1xfq-rt4AaABAg', 'xyNjoCrJW54', 'Ashraf Abi Mosleh', 'What should we do ?', 0, '2023-11-27');
INSERT INTO COMMENT VALUES ('Ugy8qxWI5xbpOKTaiZd4AaABAg', '55LYXwFulhI', 'Laurena', 'Congratulations on the book', 1, '2023-11-28');
INSERT INTO COMMENT VALUES ('UgzEHkPUTyrRcm0vrLV4AaABAg', '55LYXwFulhI', 'OnlytheFairest', 'You matter, Donny. Thank you for sharing your story with us. And Mark, you are a phenomenal human be', 1, '2023-11-27');
INSERT INTO COMMENT VALUES ('UgwU2OdZ4yUtj0y6-fd4AaABAg', '55LYXwFulhI', 'Max One', 'Is this a recent update on him? <br>I came across an interview of  him about a week ago on a differe', 0, '2023-11-27');
INSERT INTO COMMENT VALUES ('UgwZNBXoia5kQYSNoKt4AaABAg', '55LYXwFulhI', 'Midami422', 'Love ya too Donny! Keep that awesome positive energy and attitude up, man. Cant wait to see on you b', 0, '2023-11-27');
INSERT INTO COMMENT VALUES ('Ugxa5CH_ojTjlPFkIqp4AaABAg', '55LYXwFulhI', 'Tinkiepanda', 'WHERE IS REBECCA???? You haven’t done an update on her in two months!!!!', 0, '2023-11-27');
INSERT INTO COMMENT VALUES ('UgxAL_89eTLyIgdp6Sd4AaABAg', '55LYXwFulhI', 'Justin Lutsch', 'Dude reminds me of Ellen degeneres', 0, '2023-11-27');
INSERT INTO COMMENT VALUES ('UgzQatnC2pbR8ycLjAl4AaABAg', '55LYXwFulhI', 'jeanette parrish', 'Donny, praying your lufe continues to keep getting better.  Your energy is awesome. Jeanette, from S', 0, '2023-11-27');
INSERT INTO COMMENT VALUES ('UgxAITRqg7IvgNL4XCR4AaABAg', '55LYXwFulhI', 'Louis Young', 'So cool to see you&#39;re still getting better every day, Donny!  ', 0, '2023-11-27');
INSERT INTO COMMENT VALUES ('UgzGlYrOOfVVVl0KexV4AaABAg', '55LYXwFulhI', 'Markus Johansson', 'Love it!', 0, '2023-11-27');
INSERT INTO COMMENT VALUES ('UgxLG3vrfwl93TD1s3R4AaABAg', '55LYXwFulhI', 'Zelin Wang', 'All the best', 0, '2023-11-27');
INSERT INTO COMMENT VALUES ('Ugw2ywMPDc8VhA0jlXd4AaABAg', 'gNn-ZoE75P8', 'Attack Chopper', 'You also need to drastically change your attitude towards people and also your vocabulary, most peop', 1, '2023-11-28');
INSERT INTO COMMENT VALUES ('UgxW0OqGguKoilBGlVd4AaABAg', 'gNn-ZoE75P8', 'LOC 6', 'The military wasn’t designed for soldiers to quit so they made that on purpose', 0, '2023-11-27');
INSERT INTO COMMENT VALUES ('UgxTmDQn3SGrCsHksX14AaABAg', 'gNn-ZoE75P8', 'Marc Kuhn', 'Wild!', 0, '2023-11-27');
INSERT INTO COMMENT VALUES ('Ugx1SNfSPN458ej78vd4AaABAg', 'gNn-ZoE75P8', 'BenRangel', 'Is he saying he struggled to transition from MS office 2013 to Google Docs? Or that he didn’t know a', 0, '2023-11-27');
INSERT INTO COMMENT VALUES ('UgwbzGKQEXJ8SzaMl-94AaABAg', 'gNn-ZoE75P8', 'PMC-Instructor12B', '“And gals” okay, like military females aren’t on their phones 24/7.  They know how to use it, also h', 0, '2023-11-27');
INSERT INTO COMMENT VALUES ('UgyR3jY3m6FfFbR2a054AaABAg', 'gNn-ZoE75P8', 'Jacob82', 'What is a google sheet', 0, '2023-11-27');
INSERT INTO COMMENT VALUES ('UgxQt1iOG5q9P54KCCh4AaABAg', 'gNn-ZoE75P8', 'Adam Bořivoj', 'That&#39;s some BS.', 1, '2023-11-27');
INSERT INTO COMMENT VALUES ('UgywHA1QtAKj7accGT54AaABAg', 'gNn-ZoE75P8', 'justin g', 'Or he just didn&#39;t work in admin...<br><br>This is a prime example of why you should only listen ', 3, '2023-11-27');
INSERT INTO COMMENT VALUES ('Ugy6zzxJzO1DnL-avBt4AaABAg', 'gNn-ZoE75P8', 'MMMD', 'Meanwhile Google docs and sheets are on cellphones. Dude, come on now.', 1, '2023-11-27');
INSERT INTO COMMENT VALUES ('Ugykf_VRx-DCXgR6G1Z4AaABAg', 'tgPzgQBDIwM', 'Erde', 'ok, if mid can be filled even with the worst player, and they can still win, bench faker and play po', 0, '2023-11-28');
INSERT INTO COMMENT VALUES ('Ugw24rvqovxxIb55gnh4AaABAg', 'tgPzgQBDIwM', 'David', 'It is very funny too for the kpop fan angle, they had NewJeans on the back of the stage while the fo', 0, '2023-11-28');
INSERT INTO COMMENT VALUES ('Ugzgf5-aWJ_NU37AgA14AaABAg', 'tgPzgQBDIwM', 'Sean Peel', 'Praise to Troli for sponsering the bois. Love listening to their takes', 0, '2023-11-27');
INSERT INTO COMMENT VALUES ('UgwpnhIkxRbS25o0xdd4AaABAg', 'tgPzgQBDIwM', 'Luke Michel', 'Hoon gaps faker', 0, '2023-11-27');
INSERT INTO COMMENT VALUES ('Ugx9LOsFP69Qu5BtE-R4AaABAg', 'tgPzgQBDIwM', 'daniel kim', 'LPL is 2nd tier league by Dom’s standards. For 2 years straight, mind you.', 0, '2023-11-27');
INSERT INTO COMMENT VALUES ('UgyAvE3QDxG3jZPNxCt4AaABAg', 'tgPzgQBDIwM', 'White Devil', 'pretending faker wasn&#39;t the mvp in the jdg series? so what if he&#39;s not the best player in hi', 0, '2023-11-27');
INSERT INTO COMMENT VALUES ('UgyYv7_4ZeXrQ79JD8F4AaABAg', 'tgPzgQBDIwM', 'Chu Manyi', 'the kpop takes are based af', 0, '2023-11-27');
INSERT INTO COMMENT VALUES ('Ugz84faTjxUGlqQmkyd4AaABAg', 'tgPzgQBDIwM', 'Warlokk', '<a href=https://www.youtube.com/watch?v=tgPzgQBDIwM&amp;t=31m18s>31:18</a> For all the people claimi', 0, '2023-11-27');
INSERT INTO COMMENT VALUES ('UgxchI56Yuij3BEYlg14AaABAg', 'tgPzgQBDIwM', 'Resatka', 'Thank you for making this content ! You guys are the best', 0, '2023-11-27');
INSERT INTO COMMENT VALUES ('UgxEq6ibpOc-V3IHbbZ4AaABAg', 'tgPzgQBDIwM', 'Strayed', 'Those who were dropped on their head at birth are gonna have to come up with a new chant... RIP TSM.', 0, '2023-11-27');
INSERT INTO COMMENT VALUES ('UgxdYLen-6JS1qIUwhB4AaABAg', 'UInH9U0t6QA', 'Eugene Candelaria', 'They are not far from reach....casinos have detainment cells too', 0, '2023-11-27');
INSERT INTO COMMENT VALUES ('UgwFkxHdFflBfDOrwe94AaABAg', 'UInH9U0t6QA', 'hoolywood07', 'This is true . In fact the only time I seen a cop was after someone got killed on the strip , gotta ', 1, '2023-11-27');
INSERT INTO COMMENT VALUES ('Ugw0BujEtV-4Liefrsl4AaABAg', 'UInH9U0t6QA', 'Sonny Crockett', 'With the walkways and lack of parking the police can&#39;t do much on the strip, so be careful out t', 4, '2023-11-26');
INSERT INTO COMMENT VALUES ('UgxB_fjFqA1B8U6IX1t4AaABAg', 'UInH9U0t6QA', 'William Breeze', 'True last time I was there I didn&#39;t see any police for the most part.', 10, '2023-11-26');
INSERT INTO COMMENT VALUES ('UgySGvYHJ1rAbNEmmwZ4AaABAg', 'UInH9U0t6QA', 'who cares', 'Been to Vegas many times and you are right I really can&#39;t remember seeing a cop once', 6, '2023-11-26');
INSERT INTO COMMENT VALUES ('UgynbZa7w96c8ox3dY54AaABAg', '8EXrxGByJJg', 'Chris Barnsey', 'What is that ram very nice did they dig it up from caveman time lol', 0, '2023-11-28');
INSERT INTO COMMENT VALUES ('UgyZKgkHcG8Y1tv_Qd14AaABAg', '8EXrxGByJJg', 'Chris Barnsey', 'If I had to take a guess, it’s because the case is made out of recycled Coke cans', 0, '2023-11-28');
INSERT INTO COMMENT VALUES ('UgxdM7Jb0fCWhOJ9aA94AaABAg', '8EXrxGByJJg', 'NehalemX TV', 'It is ukrainian guys, not russian. Hryvnia is Ukrainian currency', 0, '2023-11-28');
INSERT INTO COMMENT VALUES ('UgwydV_99KObuhyV3Hh4AaABAg', '8EXrxGByJJg', 'Joro Marinov', '&quot;Starting with a case, which is a case&quot; - LTT, 2023', 0, '2023-11-28');
INSERT INTO COMMENT VALUES ('Ugz-KzxHKx9CYGsXAdR4AaABAg', '8EXrxGByJJg', 'NGGJamie', 'I bought a laptop from Aliexpress as a testing device and it arrived with an English Windows 11 OOBE', 0, '2023-11-28');
INSERT INTO COMMENT VALUES ('UgzpNpnm2ZkYv-XzORt4AaABAg', '8EXrxGByJJg', 'MicHaeL MonStaR', '<a href=https://www.youtube.com/watch?v=8EXrxGByJJg&amp;t=16m47s>16:47</a> - &quot;E-Sports Helper&q', 0, '2023-11-28');
INSERT INTO COMMENT VALUES ('UgzEiV2OA5FyFAOqJrt4AaABAg', '8EXrxGByJJg', 'Calvin Tan', 'Its pronounced as Zhan Dao not Jin Dao. Jin dao means golden knife', 0, '2023-11-28');
INSERT INTO COMMENT VALUES ('Ugy-MxHIV4yy4D6eQ394AaABAg', '8EXrxGByJJg', 'Ashley Ackley', 'This kind of content is where Linus shines.', 0, '2023-11-28');
INSERT INTO COMMENT VALUES ('UgzmfEzRg25fiJX1kqR4AaABAg', '8EXrxGByJJg', 'gen_angry', 'Device Manager... crap. Device Manager... crap. Device Manager?....crap. Device Manager.... crap.  l', 0, '2023-11-28');
INSERT INTO COMMENT VALUES ('UgyGbZg4x2aT2xiTn8Z4AaABAg', '8EXrxGByJJg', 'Stardusting', 'Ooh, another time where I clicked on a &quot;background noise&quot; title and ended up discovering s', 0, '2023-11-28');
INSERT INTO COMMENT VALUES ('Ugx8wwB3JbmEvfltaIF4AaABAg', 'r4wLXNydzeY', 'Lex Fridman', 'Here are the timestamps. Please check out our sponsors to support this podcast.
<br>Transcript: <a h', 390, '2023-11-17');
INSERT INTO COMMENT VALUES ('UgyuqTj5HswALpKj_C54AaABAg', 'r4wLXNydzeY', 'Peter Mann', 'Turns out we werent that powerful at all with respect to Ukraine. Ideological blindness or hubris?', 0, '2023-11-28');
INSERT INTO COMMENT VALUES ('Ugz_purkNowEpuxy5wx4AaABAg', 'r4wLXNydzeY', 'TruthToPower', 'Nasty nice European colonisers extremest zionists colonization occupation project brainwashing white', 0, '2023-11-28');
INSERT INTO COMMENT VALUES ('UgxHviblaVjVwJeIgY94AaABAg', 'r4wLXNydzeY', 'Stan P.', 'Didn’t like the guest. He was extremely biased. Looks at US and Israel as the bad guys. The other si', 0, '2023-11-28');
INSERT INTO COMMENT VALUES ('Ugy9J567swCtn47GJgx4AaABAg', 'r4wLXNydzeY', 'Nala nala', 'Thank for this interview', 0, '2023-11-28');
INSERT INTO COMMENT VALUES ('UgzItNzHKDHVseItMC14AaABAg', 'r4wLXNydzeY', 'Miller G', 'Lex, you seem to be expressing your views from a communist perspective. It&#39;s important to note t', 1, '2023-11-28');
INSERT INTO COMMENT VALUES ('UgwUvZKb7VHCAyrYO5R4AaABAg', 'r4wLXNydzeY', 'GratuitusPangolin', 'Lex you&#39;re really stepping into the category of the greatest interviews ever, I think you&#39;re', 0, '2023-11-28');
INSERT INTO COMMENT VALUES ('Ugzpvv4JDcz3vt8wC_d4AaABAg', 'r4wLXNydzeY', 'Ngandosamba lundula', 'This erudite realist professor is like an inexhaustible oasis of  geopolitics and a mobile library! ', 0, '2023-11-28');
INSERT INTO COMMENT VALUES ('UgwoAphxWsXDAhuwHat4AaABAg', 'r4wLXNydzeY', 'Eskay94', 'Scary to thing all these problems we have on our tiny little planet. At the end of it all we all ble', 0, '2023-11-28');
INSERT INTO COMMENT VALUES ('UgzyGIx1SVZH2efJXkt4AaABAg', 'MVYrJJNdrEg', 'Lex Fridman', 'Thank you for listening  Here are the timestamps:
<br>Transcript: <a href=https://lexfridman.com/mar', 1266, '2023-09-28');
INSERT INTO COMMENT VALUES ('Ugxt4L4LYS8mMrya2eR4AaABAg', 'MVYrJJNdrEg', 'leigha osullivan', 'Someone else wrote you weird comment yes yss?', 0, '2023-11-28');
INSERT INTO COMMENT VALUES ('UgzfLaMzDHxMyYsf_cV4AaABAg', 'MVYrJJNdrEg', 'leigha osullivan', 'Meshuga ..Jewish on da days side.. Eric komar and dysfunctional friends.. knick devices...stalk kell', 0, '2023-11-28');
INSERT INTO COMMENT VALUES ('Ugzy9CFwVi9ikQmm9lp4AaABAg', 'MVYrJJNdrEg', 'leigha osullivan', 'Tmz alert . Eric komar brighton beach Brooklyn autistic Stalker and random misfits... outcasts... kn', 0, '2023-11-28');
INSERT INTO COMMENT VALUES ('UgyMVH4nLQJcw6UG2ot4AaABAg', 'MVYrJJNdrEg', 'Jose Avila', 'ARTIFICIAL INTELLIGENCE', 0, '2023-11-28');
INSERT INTO COMMENT VALUES ('Ugy-pIYf_4sV3IDwcZR4AaABAg', 'MVYrJJNdrEg', 'Jose Avila', 'They are AI they don&#39;t exist', 0, '2023-11-28');
INSERT INTO COMMENT VALUES ('Ugx2w580wyrdzvq2gKB4AaABAg', 'MVYrJJNdrEg', 'Jose Avila', 'Same thing smart phone do', 0, '2023-11-28');
INSERT INTO COMMENT VALUES ('UgzvHrho_stUteV2QPJ4AaABAg', 'MVYrJJNdrEg', 'Slobo', 'i just hoped they set up some background and actually sitting somewhere', 0, '2023-11-28');
INSERT INTO COMMENT VALUES ('UgxpmW9CDal-Ky_lTiV4AaABAg', 'MVYrJJNdrEg', 'Slobo', 'i fkn love ZUck..Such an awesome dude..And lex you are the best...keep up', 0, '2023-11-28');
INSERT INTO COMMENT VALUES ('UgwY6uBTYapvlcTfT0V4AaABAg', 'MVYrJJNdrEg', 'zonzzo', 'phone evolution: <br>Landline phone, cellphone, spaceline phone', 0, '2023-11-27');
INSERT INTO COMMENT VALUES ('UgwmWgMu4r3-9DalF6Z4AaABAg', 'Z8OezcEX2QY', 'Adam Savage’s Tested', 'With thanks to Tested members Silver Defender and JosieMayday for their support and questions! Join ', 30, '2023-11-26');
INSERT INTO COMMENT VALUES ('UgyVsfBOME8BkWBkjkl4AaABAg', 'Z8OezcEX2QY', 'Steve Bagadinski', 'Zzzzzzz', 0, '2023-11-28');
INSERT INTO COMMENT VALUES ('UgyWqFJj3wgVukDEQzJ4AaABAg', 'Z8OezcEX2QY', 'Jason Gwin', 'It&#39;s amazing watching the early Mythbusters episodes and seeing how the format of the show evolv', 0, '2023-11-27');
INSERT INTO COMMENT VALUES ('Ugx5E7wF7JqiWNCUNdd4AaABAg', 'Z8OezcEX2QY', 'Nafees Kherani', 'Adam talking about Mythbusters and filming the first season in 2002, I didn&#39;t even realize that ', 0, '2023-11-27');
INSERT INTO COMMENT VALUES ('UgyHCASeAcMFt_d6N6x4AaABAg', 'Z8OezcEX2QY', 'Chris Sears', 'We got MAX subscription as a Black Friday deal and I immediately started rewatching MythBusters. I d', 2, '2023-11-27');
INSERT INTO COMMENT VALUES ('UgwW1cys1EZjupOZ9w14AaABAg', 'Z8OezcEX2QY', 'Shadow Mancer', 'The answer to the last question highlights what a wonderful, wise, genuine, charming man Adam is.', 0, '2023-11-27');
INSERT INTO COMMENT VALUES ('UgzjkF1Q9hUjKwjThnp4AaABAg', 'Z8OezcEX2QY', 'ArcticG umby', 'HAS IT BEEN 20 YEARS ALREADY SINCE MYTHBUSTERS AIRED?  ', 0, '2023-11-27');
INSERT INTO COMMENT VALUES ('UgwSToWGv1xVQZXdnK14AaABAg', 'Z8OezcEX2QY', 'SKBEAT MusicProducer', 'Where ya homie?', 0, '2023-11-27');
INSERT INTO COMMENT VALUES ('UgyFdbpOp16Lg87DLjB4AaABAg', 'Z8OezcEX2QY', 'RodCornholio', 'I&#39;m sure most of the experiment-driven channels on YouTube have MythBusters to thank.  It change', 0, '2023-11-27');
INSERT INTO COMMENT VALUES ('UgxKtDjg_xvwWxt_dqJ4AaABAg', 'Z8OezcEX2QY', 'Kingsford Gray', 'Down-voted for poor grammar.', 0, '2023-11-27');
INSERT INTO COMMENT VALUES ('UgyHTUuhcwy_o62fUTZ4AaABAg', 'aFcm6Ult45s', 'Tom Bilyeu', 'WARNING: I will never ask for your contact info in the comments section, that is someone impersonati', 174, '2023-11-07');
INSERT INTO COMMENT VALUES ('UgzfEXYfuFOXeVV23B94AaABAg', 'aFcm6Ult45s', 'buituan79', 'Are Jew testing going up?<br>And their philosophy are going down?<br>And all who follow that ideolog', 0, '2023-11-28');
INSERT INTO COMMENT VALUES ('Ugye2jwWbOd18Qs-d-l4AaABAg', 'aFcm6Ult45s', 'jepserlange', 'people didnt storm the capital , thats a fact dude …', 0, '2023-11-28');
INSERT INTO COMMENT VALUES ('UgwptBadVjtRyUSgNvR4AaABAg', 'aFcm6Ult45s', 'Lincoln Microphone LLC', 'Tom is speaking into an RE20 microphone. I sell them and repair them at a 10% discount if you pay me', 0, '2023-11-28');
INSERT INTO COMMENT VALUES ('UgypQt_QnAMpfMebtaR4AaABAg', 'aFcm6Ult45s', 'ProgressivesDestroyCities', 'YouTube is without one of the greatest education tools that has ever been created. Being able to lis', 0, '2023-11-26');
INSERT INTO COMMENT VALUES ('UgymZYCVkKEjAFHeChZ4AaABAg', 'aFcm6Ult45s', 'bookzdotmedia Sola Fide', 'Win / Win and No scarcity!', 0, '2023-11-26');
INSERT INTO COMMENT VALUES ('UgzQkrcgiTlowlLPXGh4AaABAg', 'aFcm6Ult45s', 'Stacia McClure', 'you need to get your facts straight, people did not storm the capital. Come on are you trying to jus', 0, '2023-11-26');
INSERT INTO COMMENT VALUES ('UgzrTBNILIuvcFsbLJV4AaABAg', 'aFcm6Ult45s', 'Diego Cabral Rincon', 'Keep investing till china cut off your greedy wings', 0, '2023-11-26');
INSERT INTO COMMENT VALUES ('Ugxo7f8zgIbFdBPvtrh4AaABAg', 'aFcm6Ult45s', 'Andrian', 'I don&#39;t understand anything in the market anymore! None of my financial plans are working, and a', 0, '2023-11-25');
INSERT INTO COMMENT VALUES ('UgykSQ4L4Cskon0yB4B4AaABAg', 'aFcm6Ult45s', 'Chris Lee', '<a href=https://www.youtube.com/watch?v=aFcm6Ult45s&amp;t=0m00s>0:00</a>:  The speaker discusses the', 0, '2023-11-25');
INSERT INTO COMMENT VALUES ('UgzuqnHgt6vVkf1XJ2h4AaABAg', 'nR8syIt6pEE', 'Waqas Ahmed', 'So how do you take the cold showers?', 0, '2023-11-27');
INSERT INTO COMMENT VALUES ('Ugz_-9Zqkpm4RWNl7-p4AaABAg', 'nR8syIt6pEE', 'Sonia', 'BS!!! I hate to take cold showers when my water heater went out. I felt horrible.', 0, '2023-11-26');
INSERT INTO COMMENT VALUES ('Ugx86xnq4BjF9o7SDcp4AaABAg', 'nR8syIt6pEE', 'cloud m', 'Would it work if you take a shower but 30 seconds cold, 30 seconds warm afterwards, 30 seconds cold ', 1, '2023-11-22');
INSERT INTO COMMENT VALUES ('UgwEdW9AnZSHwLrawkl4AaABAg', 'nR8syIt6pEE', 'sweetj16real', 'The fact I used to be pissed when I had no choice but to take a shower with no hot water... now I do', 0, '2023-11-22');
INSERT INTO COMMENT VALUES ('UgyrOMSlsJ8Ur-N-oJx4AaABAg', 'nR8syIt6pEE', 'Osya Sa', 'It’s proven that pneumonia can kills u within 24 hours', 0, '2023-11-21');
INSERT INTO COMMENT VALUES ('UgzZhfDEaQaWBMI_qiN4AaABAg', 'nR8syIt6pEE', 'Rabie Diab', 'Just don’t take any before a date…', 0, '2023-11-21');
INSERT INTO COMMENT VALUES ('UgyD2zcdlvBsXc5Ij0x4AaABAg', 'nR8syIt6pEE', 'Erich Minkle', 'How cold?', 0, '2023-11-21');
INSERT INTO COMMENT VALUES ('UgxC6NkxLWAdVFvKuJR4AaABAg', 'nR8syIt6pEE', 'Joker', 'Cold showers aren’t enough, move to Antarctic and run around outside butt ass naked and then jump in', 0, '2023-11-20');
INSERT INTO COMMENT VALUES ('UgzXSKTpPy1-9MLX36x4AaABAg', 'nR8syIt6pEE', 'XtO', '30 days you&#39;d be like a prune', 0, '2023-11-19');
INSERT INTO COMMENT VALUES ('UgyiBfDAZuyPPFBN_oZ4AaABAg', 'nR8syIt6pEE', 'Emma Maijala', 'I used to take steaming hot showers and after i got out, everytime i was cold the whole night. Now i', 1, '2023-11-19');
INSERT INTO COMMENT VALUES ('Ugw8egv-rlV2-uAYIhp4AaABAg', '8uhidHKAX4M', 'Queen of Scots', 'Apparently girlfriend didn’t use funds on beauty… ', 0, '2023-11-28');
INSERT INTO COMMENT VALUES ('UgwFMY4nfZxE2846A_R4AaABAg', '8uhidHKAX4M', 'Worrior Creates ', 'Rip this guy', 1, '2023-11-27');
INSERT INTO COMMENT VALUES ('UgwdeAoSzB7zjCMuzbJ4AaABAg', '8uhidHKAX4M', 'The Weekly Fire', 'He should be in jail but 115 give me a break that&#39;s too much for such a crime.', 0, '2023-11-26');
INSERT INTO COMMENT VALUES ('UgwWOMs6bjBmgdVnFCt4AaABAg', '8uhidHKAX4M', 'Rick Larsen', 'There needs to be 20 other court cases following up after this.  Where did the donations go, and how', 0, '2023-11-25');
INSERT INTO COMMENT VALUES ('UgzCnNX9fWBqfKCl3cd4AaABAg', '8uhidHKAX4M', 'Jesse Segedy', 'If Sam is really doing 115 years, why does he look like he&#39;s getting out of prison tomorrow, fro', 0, '2023-11-24');
INSERT INTO COMMENT VALUES ('Ugx6fOu5XbEsLvD2YNt4AaABAg', '8uhidHKAX4M', 'Somdutta Nath', 'Sab ladki ka chakkar ', 0, '2023-11-24');
INSERT INTO COMMENT VALUES ('UgyjMr_nlJCAGe-rVyJ4AaABAg', '8uhidHKAX4M', 'PCJ', 'Another great, Coldfusion. You really construct your content very well. Thanks.', 0, '2023-11-24');
INSERT INTO COMMENT VALUES ('Ugy9kStWZb-xKLqUR-Z4AaABAg', '8uhidHKAX4M', 'ptinio2', 'The checks probably in the mail already, gonna get 2 years and probation', 0, '2023-11-23');
INSERT INTO COMMENT VALUES ('UgzQQ3umGB5_vuV7gQp4AaABAg', '8uhidHKAX4M', 'Truse Diffa', 'He got his money involved in ', 0, '2023-11-23');
INSERT INTO COMMENT VALUES ('UgyIz4l3fW7Uo888-T14AaABAg', 'beZfCfiuIkA', 'Bro Code', '// closure = A function defined inside of another function, 
<br>//                  the inner funct', 2, '2023-11-10');
INSERT INTO COMMENT VALUES ('Ugy7pnV4nu1SMcI14aV4AaABAg', 'beZfCfiuIkA', 'Warwick ', 'what happens when we create lots of closures in our code?', 1, '2023-11-27');
INSERT INTO COMMENT VALUES ('UgzeknTALAcDuaFAMrh4AaABAg', 'beZfCfiuIkA', 'KoolMoh', 'that brings back memories ngl, of when i was first learning Classes and i just couldn&#39;t get them', 1, '2023-11-25');
INSERT INTO COMMENT VALUES ('UgzImu9mQKSmuyR37j94AaABAg', 'beZfCfiuIkA', 'Nebular', 'wouldn&#39;t this also be a closure<br><br>function some_other_function(closure) {
<br>    closure()', 0, '2023-11-24');
INSERT INTO COMMENT VALUES ('UgwOl2T0L2GxZrQf_294AaABAg', 'beZfCfiuIkA', 'Harsh Jaiswal', 'I&#39;m following this playlist', 0, '2023-11-24');
INSERT INTO COMMENT VALUES ('Ugwp3E2Ym4rKCfesHGV4AaABAg', 'beZfCfiuIkA', 'NemesisXL', 'React tutorials pls!!', 0, '2023-11-24');
INSERT INTO COMMENT VALUES ('UgwXkWdKb4IbV-gCQGl4AaABAg', 'beZfCfiuIkA', 'gaurav sharma', 'superb bro !!', 0, '2023-11-13');
INSERT INTO COMMENT VALUES ('UgxjWWUAs0E969I-6QJ4AaABAg', '50UHJnAo7mk', 'Luis Aguilar', 'As a Mexican-American, we also DGAF about Thanksgiving. Día de Los Muertos is the only Holiday in No', 1, '2023-11-27');
INSERT INTO COMMENT VALUES ('Ugzi4VCt77DT7cX1aqt4AaABAg', '50UHJnAo7mk', 'heatherr', '&quot;What&#39;d you just call my mom?!&quot; ', 10, '2023-11-27');
INSERT INTO COMMENT VALUES ('UgzLoaniUeH-YE_UoXZ4AaABAg', '50UHJnAo7mk', 'Cristian Sandoval', 'Hispanic families celebrate thanksgiving because we get to spend time with family.turkey is bad that', 1, '2023-11-27');
INSERT INTO COMMENT VALUES ('UgwIWdf2o7sIqhFBiSZ4AaABAg', '50UHJnAo7mk', 'killhooch', 'True... it&#39;s all food too me also anyways..<br>', 0, '2023-11-27');
INSERT INTO COMMENT VALUES ('UgxNXPbveCdjy5OrjuF4AaABAg', '50UHJnAo7mk', 'Victoria Lopez', 'I mean I don’t think it’s just an Asian-American thing. I’m Mexican-American and so are many of my f', 10, '2023-11-27');
INSERT INTO COMMENT VALUES ('UgxN1s5mSO3iZAieAKl4AaABAg', '50UHJnAo7mk', 'Dee Jayy', 'The same family!', 10, '2023-11-27');
INSERT INTO COMMENT VALUES ('UgwmOPasDNACMacsqAx4AaABAg', 'oOCromcWnfc', 'Tan Zi Yi', 'wonderful explanation!!!! Save me the day before test!', 0, '2023-11-27');
INSERT INTO COMMENT VALUES ('UgzDP9JWbFsioE8-UfF4AaABAg', 'oOCromcWnfc', 'Tech Asad', 'compiler construction is a pain in a$$', 0, '2023-11-26');
INSERT INTO COMMENT VALUES ('Ugw_53Ol70SduCcytll4AaABAg', 'oOCromcWnfc', 'Ali dib', 'the explaining of follow is so bad', 0, '2023-11-23');
INSERT INTO COMMENT VALUES ('UgyLZXBHLFrkZUW6VGp4AaABAg', 'oOCromcWnfc', 'Uditi Sh', 'follow method was complicated', 0, '2023-11-22');
INSERT INTO COMMENT VALUES ('UgyqK3nF8eV8Ebpwipd4AaABAg', 'oOCromcWnfc', 'Taz', 'Thank you so much for the clear explanation! I was feeling lost but you made it so simple', 0, '2023-11-18');
INSERT INTO COMMENT VALUES ('UgztxUkuVaZfyo87ukp4AaABAg', 'oOCromcWnfc', 'GS_Invader', 'why doesn&#39;t  T&#39;  have * in follow', 1, '2023-11-16');
INSERT INTO COMMENT VALUES ('UgwJ1R1LH7kYFQAoOsR4AaABAg', 'oOCromcWnfc', 'Wolf', 'Bro, in option 2, the first of the following non terminal will be selected is there E&#39; because i', 0, '2023-10-27');
INSERT INTO COMMENT VALUES ('UgxC3GuwH9xFR50dU9t4AaABAg', 'oOCromcWnfc', 'Azaam Hassen', 'we didn&#39;t take the null character as a FIRST() in the previous video.why?', 0, '2023-10-23');
INSERT INTO COMMENT VALUES ('Ugz8SizXkrXrdNpKahF4AaABAg', 'oOCromcWnfc', 'RB', 'very good i am watching this after attending a class in my college and not understanding a word ', 0, '2023-10-23');
INSERT INTO COMMENT VALUES ('UgzI3RWKuEEppeitjdp4AaABAg', 'oOCromcWnfc', 'Aamir Ali', 'wah sain wah', 0, '2023-10-11');
INSERT INTO COMMENT VALUES ('Ugy6R8BGe7oR0c7PEfF4AaABAg', 'V68RE0M8zhk', 'ColdFusion', 'Had to re-upload due to an editing error, there was 20 seconds of black screen for some reason so ap', 1281, '2023-11-07');
INSERT INTO COMMENT VALUES ('UgxGE1bgDRtAUyX7L094AaABAg', 'V68RE0M8zhk', 'zachazow', 'Apples arm chips don&#39;t have more horsepower than x86, they are just paired with better software.', 0, '2023-11-28');
INSERT INTO COMMENT VALUES ('Ugy-H1cDUj0JCr7riYN4AaABAg', 'V68RE0M8zhk', 'ESF19791111', 'GOOD NEWS :)<br>THANK YOU FOR SHARING :)<br><br>THANK YOU FROM ISRAEL :)', 0, '2023-11-27');
INSERT INTO COMMENT VALUES ('UgzHmxM29Spsx9gb8J94AaABAg', 'V68RE0M8zhk', 'lakergirlHspics@', 'Much appreciated,Qualcomm as well as Mediatek offer', 0, '2023-11-26');
INSERT INTO COMMENT VALUES ('UgxVLKKoyK5T4AgSzL94AaABAg', 'V68RE0M8zhk', 'Rizztraining Order', 'The worship and obsession of these brands is super strange and reminiscent of cultish behavior, alth', 0, '2023-11-26');
INSERT INTO COMMENT VALUES ('UgxXsL2kXPj-ezephZ94AaABAg', 'V68RE0M8zhk', '7IXGANG', 'It deservice this apple since they miss treat their staff', 0, '2023-11-25');
INSERT INTO COMMENT VALUES ('Ugw30Q57Q0iiS4mMDKN4AaABAg', 'V68RE0M8zhk', 'airmanchairman', 'Comparing a chip that’s only due to emerge in the market in 2024, to an Apple  chip (M2) that entere', 0, '2023-11-24');
INSERT INTO COMMENT VALUES ('UgwGHLMT8TaBIuIHfC94AaABAg', 'V68RE0M8zhk', 'Rob de la Hunty', 'All these claims and some might be true, but where is the end spot ? I am writing tis on an old HP d', 1, '2023-11-24');
INSERT INTO COMMENT VALUES ('Ugxun8n5AQGQIwllE3l4AaABAg', 'V68RE0M8zhk', 'Raj Mukherjee', 'Android+ Qualcomm will be reveloution', 0, '2023-11-24');
INSERT INTO COMMENT VALUES ('UgzyBUJ3hh3DWduZEbt4AaABAg', 'V68RE0M8zhk', 'ICG', 'I don&#39;t care which one is faster. All I want are smaller and cheaper gaming PCs. ', 1, '2023-11-23');
INSERT INTO COMMENT VALUES ('UgzHG_t_zLf5H6f6z2F4AaABAg', 'hDKCxebp88A', 'Jovian', 'We hope you enjoy this course, and we look forward to seeing what you&#39;ll build! If you&#39;d lik', 28, '2023-11-22');
INSERT INTO COMMENT VALUES ('UgwenZCGKZdW6wMUXFF4AaABAg', 'hDKCxebp88A', 'Vashu[DTU] ', 'any prerequisites for this course??', 1, '2023-11-27');
INSERT INTO COMMENT VALUES ('UgzUiiNjqfEUMA2RM-F4AaABAg', 'hDKCxebp88A', 'A K M Zahidul Islam', 'Great work bro. Thanks a lot, and really grateful to you.<br><br>I believe, you could add some prere', 4, '2023-11-26');
INSERT INTO COMMENT VALUES ('UgxpMTm6S3kwWd_TINV4AaABAg', 'hDKCxebp88A', 'Carsten Kaminski', 'Great course!', 0, '2023-11-26');
INSERT INTO COMMENT VALUES ('UgzXKmoq3_cNNOfATrR4AaABAg', 'hDKCxebp88A', 'Yebo Timbus', 'Fyi... I&#39;m so sick of listening to lecture where proper English is not spoken.  If your in the U', 0, '2023-11-26');
INSERT INTO COMMENT VALUES ('UgxKTKgoCcsuzuX5fZ14AaABAg', 'hDKCxebp88A', 'Yebo Timbus', 'All these courses are worthless.  Actually 97% of all programming tutorials are a scam.  If you prac', 0, '2023-11-26');
INSERT INTO COMMENT VALUES ('Ugx8708SLd2ddbEE_BF4AaABAg', 'hDKCxebp88A', 'Machiavel', 'from ', 1, '2023-11-26');
INSERT INTO COMMENT VALUES ('Ugxidvwlkt0UqOfkwOF4AaABAg', 'hDKCxebp88A', 'TYPES OF EXPLANATION FF', 'This question should be like Do you like mom or dad <br>The person you are asking will be stuck and ', 0, '2023-11-25');
INSERT INTO COMMENT VALUES ('UgxpZgGciG_TKoiz42V4AaABAg', 'hDKCxebp88A', 'dee', 'posting one 18 hour video rather than however many videos for the separate lessons is dumb.', 1, '2023-11-25');
INSERT INTO COMMENT VALUES ('UgwgszNVTsYqolqRpd94AaABAg', 'hDKCxebp88A', 'Naimish Dusara', 'any prerequisite for this course??', 1, '2023-11-25');
INSERT INTO COMMENT VALUES ('UgxmYxSVFkolNr5L7vt4AaABAg', 'shWr5DNVeCI', 'Bro Code', '// setTimeout() = function in JavaScript that allows you to schedule
<br>//                         ', 0, '2023-11-13');
INSERT INTO COMMENT VALUES ('UgxhyqzFPJDNcnz7br14AaABAg', 'shWr5DNVeCI', 'Alex', 'hey bro, what do you think is a project i could try doing with all of the things we&#39;ve learned?', 0, '2023-11-25');
INSERT INTO COMMENT VALUES ('Ugyp3Lpho598Qq_kSTx4AaABAg', 'shWr5DNVeCI', 'TheFXenthusiast', 'Keep up the good work bro code ', 0, '2023-11-24');
INSERT INTO COMMENT VALUES ('UgzsBKpyHc5LRMJZN-14AaABAg', 'r0nIMRud_k0', 'Memechar', 'That’s amazing!!!', 0, '2023-11-28');
INSERT INTO COMMENT VALUES ('UgwROH_DkDMO09pXVfB4AaABAg', 'r0nIMRud_k0', 'Danny X', 'Genuine question. If there was no record before, then as long as they all landed it doesnt matter ho', 0, '2023-11-27');
INSERT INTO COMMENT VALUES ('UgzxY-I3D_cF-gkKXPx4AaABAg', 'r0nIMRud_k0', 'John Gildart', 'What’s the record for six? That’s what I’m going for.', 0, '2023-11-27');
INSERT INTO COMMENT VALUES ('Ugx5msnnvDSfM6UGJrV4AaABAg', 'r0nIMRud_k0', 'RenizoDTA', 'Hay un record para la persona q más tiempo estuvo sin ir al baño?', 1, '2023-11-27');
INSERT INTO COMMENT VALUES ('Ugx1k0l5cbFuZWXMXRJ4AaABAg', 'r0nIMRud_k0', 'JFL - Its on your side.', 'That &quot;Come on!&quot; line just never gets old.', 0, '2023-11-27');
INSERT INTO COMMENT VALUES ('Ugw6SAEOhZ8i3yU5UvF4AaABAg', 'r0nIMRud_k0', 'Austrian Explorer', 'Really? I blinked and missed it!', 2, '2023-11-27');
INSERT INTO COMMENT VALUES ('UgwaJcTSJN_ngKcMbc54AaABAg', 'r0nIMRud_k0', '🎄el chavo🎄', 'Wow', 0, '2023-11-27');
INSERT INTO COMMENT VALUES ('UgyImras12WlXAP4zh14AaABAg', 'r0nIMRud_k0', 'BILLE NANI', 'Great', 0, '2023-11-27');
INSERT INTO COMMENT VALUES ('UgxpqEs59midfbUHPrF4AaABAg', 'r0nIMRud_k0', 'anhclai325', 'Hello', 0, '2023-11-27');
INSERT INTO COMMENT VALUES ('UgzhTXGBL8IuARKEeqV4AaABAg', 'r0nIMRud_k0', 'Ram AlShebl', 'using one hand*', 0, '2023-11-27');
INSERT INTO COMMENT VALUES ('UgzweDZlwULk1LPcnnp4AaABAg', 'r_6Cv4uMaak', 'mega mushroom', 'Wow', 1, '2023-11-27');
INSERT INTO COMMENT VALUES ('UgwYG-t9iGDfE0eTtv54AaABAg', 'r_6Cv4uMaak', 'TehGehrmanWalf', 'I was always told it was named after Black Tuesday of 1929 because of the rapid price drop and panic', 0, '2023-11-26');
INSERT INTO COMMENT VALUES ('UgzWzAJsp-eRhcCw4H94AaABAg', 'r_6Cv4uMaak', 'bedrock64', 'Yeah no one rlly cares about Black Friday anymore.', 0, '2023-11-25');
INSERT INTO COMMENT VALUES ('UgxqPULdgIDoigYu7FR4AaABAg', 'r_6Cv4uMaak', 'THANOS', 'The deals ABSOLUTELY SUCK this year. Don’t buy any bullcrap that you don’t reallyyy need people. Sav', 1, '2023-11-24');
INSERT INTO COMMENT VALUES ('UgxJFzi9nedtfxNE_fV4AaABAg', 'r_6Cv4uMaak', 'username1nmillion', 'Thankfully they went with Santa as their &quot; Mascot &quot; and not a black cat ‍ ( or Satan  ) . ', 0, '2023-11-24');
INSERT INTO COMMENT VALUES ('UgyMn3V3OMKVzZD8gX14AaABAg', 'r_6Cv4uMaak', 'Batabii', 'wow I always thought it was like &quot;the black plague&quot;, in a tongue-in-cheek kind of way', 0, '2023-11-23');
INSERT INTO COMMENT VALUES ('UgxFn4hSEgHdqHu_6yt4AaABAg', 'r_6Cv4uMaak', 'Does anybody actually pay attention to these?', 'Yep, anticipated this one.<br>Corporate holiday - rile everyone up into a fervor, play on mob mental', 14, '2023-11-23');
INSERT INTO COMMENT VALUES ('Ugx2BW_jK2DsFKxROF54AaABAg', 'r_6Cv4uMaak', 'n', 'negga friday', 0, '2023-11-23');
INSERT INTO COMMENT VALUES ('UgxUQwNkZ9AUK9PkaxB4AaABAg', 'r_6Cv4uMaak', 'TanjiroChad', 'second', 3, '2023-11-23');
INSERT INTO COMMENT VALUES ('UgyKv0FgMK8G01bLNvd4AaABAg', 'r_6Cv4uMaak', 'zaydenm', 'I thought the &quot;black&quot; meant customers would raid the stores, making the place &quot;black&', 13, '2023-11-23');
INSERT INTO COMMENT VALUES ('UgxfHhicN0sHBvU6DnR4AaABAg', 'T4Uve6UQIho', 'Joe Cooper', 'mount a small blowboat line winch to your new front molle panel.  Throw the anchor and start crankin', 0, '2023-11-26');
INSERT INTO COMMENT VALUES ('Ugwz7pxyoxgrgYXSCpt4AaABAg', 'T4Uve6UQIho', 'TRASHCANS', 'Bro got the typical over the top reaction thumbnail poses ', 0, '2023-11-24');
INSERT INTO COMMENT VALUES ('UgyYSKMu9Rxph6rLelB4AaABAg', 'T4Uve6UQIho', 'Blu3 Savag3', 'Hahahaha are you a coward? Or are you just the weakest punk i have ever seen, CLICK BAIT', 0, '2023-11-24');
INSERT INTO COMMENT VALUES ('Ugz-ouoIEphThU6JYoZ4AaABAg', 'T4Uve6UQIho', 'Jacob', 'Put the camera down and use 2 hands…..', 0, '2023-11-24');
INSERT INTO COMMENT VALUES ('UgzYX6si-KmNfep_6EV4AaABAg', 'T4Uve6UQIho', 'Ğřěğ', 'Where the hell would you tie the winch to?', 2, '2023-11-24');
INSERT INTO COMMENT VALUES ('Ugy822abkVOM_e6FZ9V4AaABAg', 'T4Uve6UQIho', 'Brian Preston', 'Good idea to stay out of the river when you don&#39;t see any locals going out. Be safe.', 3, '2023-11-24');
INSERT INTO COMMENT VALUES ('UgzFVSgTqJe1Maka7dx4AaABAg', 'T4Uve6UQIho', 'Walk This World', 'Put it in 4wd. That&#39;s a tough day', 2, '2023-11-23');
INSERT INTO COMMENT VALUES ('Ugwi2l30pdkJn1gzzeV4AaABAg', 'T4Uve6UQIho', 'Dale Stringer', 'You are lucky. I did the same thing but over a mudflat.', 1, '2023-11-23');
INSERT INTO COMMENT VALUES ('Ugyv90DfwNJH2t8doDx4AaABAg', 'T4Uve6UQIho', 'Zane', 'Miserable huh? ', 1, '2023-11-23');
INSERT INTO COMMENT VALUES ('UgxkIgEmT2lPmO-b_8B4AaABAg', 'T4Uve6UQIho', 'Alan', 'Get a boat Jesus, you got more on that jet ski than I have on my 22ft bass tracker', 4, '2023-11-23');


-- Inserts for Posts
INSERT INTO POST VALUES(400033, 'UCY1kMZp36IQSyNx_9h4mpCg', '2022-11-28', 'NEW VIDEO!! I built 5 robots to beat the 5 most popular arcade games. I also uncovered a few SCAM arcade games with the evidence to prove it!', 3054);
INSERT INTO POST VALUES(470919, 'UCY1kMZp36IQSyNx_9h4mpCg', '2022-11-28', 'I brought some science with me to truly dominate the hot wings of death.  Which was a good idea... in theory.', 8957);
INSERT INTO POST VALUES(634598, 'UCBJycsmduvYEL83R_U4JriQ', '2023-11-14', 'Introducing a new colorway and updated design: 251.1. Now in matte black. (Plus a new water repellent ripstop mesh and a little touch of silver reflective detail for the winter)', 31262);
INSERT INTO POST VALUES(174491, 'UCBJycsmduvYEL83R_U4JriQ', '2023-4-28', 'Just shot a PRODUCT LAUNCH VIDEO this week! I’m beyond excited to share everything we’ve been working on, and this will all make sense… SOON', 39607);
INSERT INTO POST VALUES(922175, 'UC_pT_Iz6XjuM-eMTlXghdfw', '2023-11-25', 'Salt Bae vs Max… vid coming soon who do you think won? But more importantly Maxjerky is 50% off only for a couple more days!! All you need to do is shop though YouTubes shop features (linked on my last video or click the store on my profile)', 4997);
-- Bad Posts inserts
INSERT INTO POST VALUES(823313, 'UC_pT_Iz6XjuM-eMTlXghdfw', '2023-10-28', 'Filet mignon tastes best cooked to...? In this video I cooked mine like a brisket 😱 ', 916);
INSERT INTO POST VALUES(247187, 'UCY1kMZp36IQSyNx_9h4mpCg', '2023-6-23', 'MIT commencement speech tomorrow 😬. I’m not promising my graduation hat isn’t gonna fly away 400ft into the air at the end :)', 66483);
INSERT INTO POST VALUES(186818, 'UCBJycsmduvYEL83R_U4JriQ', '2023-5-28', 'Greatest day of my life?! My collab with Elmo and the @SesameStreet crew is up 🥺', 74165);
INSERT INTO POST VALUES(678551, 'UC_pT_Iz6XjuM-eMTlXghdfw', '2023-11-27', 'Only 9 more hours to get 50% off MaxJerky! Click “store” on my YouTube channel and shop through any link, applied at checkout. Hope you take advantage and thanks for the support 😃 This is me and Kyle (MaxJerky co-founder) at our factory working on some new products!', 764);

-- Inserts for Promotes
INSERT INTO PROMOTES VALUES('7__r4FVj-EI','CrunchLabs');
INSERT INTO PROMOTES VALUES('JdFRjsEZrmU','Roblox');
INSERT INTO PROMOTES VALUES('JdFRjsEZrmU','CrunchLabs');
INSERT INTO PROMOTES VALUES('Zb01RStdzEs','CrunchLabs');

INSERT INTO PROMOTES VALUES('tgPzgQBDIwM','Trolli');
INSERT INTO PROMOTES VALUES('tgPzgQBDIwM','TheFreezePipe');
INSERT INTO PROMOTES VALUES('Uvn1FE0cieQ','LiquidIV');
INSERT INTO PROMOTES VALUES('Uvn1FE0cieQ','TheFreezePipe');
INSERT INTO PROMOTES VALUES('hJS4DHtr9X4','TheFreezePipe');
INSERT INTO PROMOTES VALUES('hJS4DHtr9X4','Trolli');
INSERT INTO PROMOTES VALUES('2AI3SvZYVfU','TheFreezePipe');
INSERT INTO PROMOTES VALUES('2AI3SvZYVfU','Trolli');
INSERT INTO PROMOTES VALUES('2yHr9DPnSzk','Policygenius');
INSERT INTO PROMOTES VALUES('2yHr9DPnSzk','MasterClass');
INSERT INTO PROMOTES VALUES('2yHr9DPnSzk','Shopify');
INSERT INTO PROMOTES VALUES('2yHr9DPnSzk','Betterhelp');
INSERT INTO PROMOTES VALUES('2yHr9DPnSzk','Eightsleep');
INSERT INTO PROMOTES VALUES('r4wLXNydzeY','Notion');
INSERT INTO PROMOTES VALUES('r4wLXNydzeY','ExpressVPN');
INSERT INTO PROMOTES VALUES('r4wLXNydzeY','InsideTracker');
INSERT INTO PROMOTES VALUES('r4wLXNydzeY','Eightsleep');
INSERT INTO PROMOTES VALUES('r4wLXNydzeY','AG1');
INSERT INTO PROMOTES VALUES('JN3KPFbWCy8','LMNT');
INSERT INTO PROMOTES VALUES('JN3KPFbWCy8','Eightsleep');
INSERT INTO PROMOTES VALUES('JN3KPFbWCy8','Betterhelp');
INSERT INTO PROMOTES VALUES('JN3KPFbWCy8','Simplisafe');
INSERT INTO PROMOTES VALUES('JN3KPFbWCy8','Shopify');
INSERT INTO PROMOTES VALUES('co_MeKSnyAo','InsideTracker');
INSERT INTO PROMOTES VALUES('co_MeKSnyAo','Betterhelp');
INSERT INTO PROMOTES VALUES('co_MeKSnyAo','Eightsleep');
INSERT INTO PROMOTES VALUES('co_MeKSnyAo','AG1');
INSERT INTO PROMOTES VALUES('MVYrJJNdrEg','LMNT');
INSERT INTO PROMOTES VALUES('MVYrJJNdrEg','InsideTracker');
INSERT INTO PROMOTES VALUES('MVYrJJNdrEg','Eightsleep');
INSERT INTO PROMOTES VALUES('MVYrJJNdrEg','AG1');
INSERT INTO PROMOTES VALUES('YbmJjhBG56A','Oracle-Cloud');
INSERT INTO PROMOTES VALUES('YbmJjhBG56A','StreamYard');
INSERT INTO PROMOTES VALUES('_yjc8AulnDk','Incogni');
INSERT INTO PROMOTES VALUES('uiGl6oF5-cE','Brilliant');
INSERT INTO PROMOTES VALUES('bOzKvZPrKTY','Plunge');
INSERT INTO PROMOTES VALUES('BUBnvfZaF9w','Anthros');
INSERT INTO PROMOTES VALUES('e7xUxi4JOSo','Oracle-Netsuite');
INSERT INTO PROMOTES VALUES('7Q0fB-l4IRA','Kajabi');
INSERT INTO PROMOTES VALUES('h05g8AbXW2c','Incogni');
INSERT INTO PROMOTES VALUES('h05g8AbXW2c','Webull');
INSERT INTO PROMOTES VALUES('VDqAww1Dby0','Webull');

-- INSERT for CATEGORIZED_UNDER
INSERT INTO CATEGORIZED_UNDER VALUES('UCY1kMZp36IQSyNx_9h4mpCg', 7);
INSERT INTO CATEGORIZED_UNDER VALUES('UCBJycsmduvYEL83R_U4JriQ', 7);
INSERT INTO CATEGORIZED_UNDER VALUES('UCXuqSBlHAE6Xw-yeJA0Tunw', 7);
INSERT INTO CATEGORIZED_UNDER VALUES('UC4SVo0Ue36XCfOyb5Lh1viQ', 7);
INSERT INTO CATEGORIZED_UNDER VALUES('UC8butISFwT-Wl7EV0hUK0BQ', 7);
INSERT INTO CATEGORIZED_UNDER VALUES('UC_pT_Iz6XjuM-eMTlXghdfw', 15);
INSERT INTO CATEGORIZED_UNDER VALUES('UCHy8o-_zR_vHqpPN4uNUvkg', 15);
INSERT INTO CATEGORIZED_UNDER VALUES('UCMyOj6fhvKFMjxUCp3b_3gA', 15);
INSERT INTO CATEGORIZED_UNDER VALUES('UC5nc_ZtjKW1htCVZVRxlQAQ', 2);
INSERT INTO CATEGORIZED_UNDER VALUES('UCvJiYiBUbw4tmpRSZT2r1Hw', 7);

INSERT into PLAYLIST values ('PLgeXOVaJo_gnexNopBzUKdl3QKoADJlS8', 'UCY1kMZp36IQSyNx_9h4mpCg', 'Glitterbomb Series');
INSERT into PLAYLIST values ('PLzBq1zjrpqSh9YgC3Wxg7VQkZN1WCfhOA', 'UC4AGeYoOM9lRH6-L7wNFgTQ', 'Power Spike - LoL Podcast');
INSERT into PLAYLIST values ('PLrAXtmErZgOcl7mvyfkQTHFnOGZxWtN55', 'UCSHZKyawb77ixDdsGog4iWA', 'Technical and Philosophical Videos');
INSERT into PLAYLIST values ('PLFZUTBfukS69hFld-7sc-RT8t5Ot8_Sbu', 'UCMSYZVlQmyG8_2MkIKzg0kw', 'Personality Podcasts');
INSERT into PLAYLIST values ('PL0iVR8sl9TiVEVpDbbUb8Aya_hZCENw0K', 'UC4QZ_LsYcvcq7qOsOhpAX4A', 'History');
INSERT into PLAYLIST values ('PL8qcvQ7Byc3Pj-4qke7S12VjhsI_dwOn7', 'UCnYMOamNKLGVlJgRUbamveA', 'FEATURED');
INSERT into PLAYLIST values ('PLPdoRGhsS-tvyUu29bf1hFgQqJsZRbAGo', 'UCV6KDgJskWaEckne5aPA0aQ', 'Millionaire Interviews');
INSERT into PLAYLIST values ('PLBsP89CPrMeNIuvr9j3_EQaMwaNJ6rhuQ', 'UCBJycsmduvYEL83R_U4JriQ', 'Retro Tech S2');
INSERT into PLAYLIST values ('PLmZTDWJGfRq3gedx0SUsqcwNCBo6VCS36', 'UCaWd5_7JhbQBe4dknZhsHJg', 'Conspiracy Theories');
INSERT into PLAYLIST values ('PLPNW_gerXa4NKRk-x4U-Cuza8FPV8dx5x', 'UC2D2CMWXMOVWx7giW1n3LIg', 'Neuroplasticity and Behavior Change');
INSERT into PLAYLIST values ('PLwvrYc43l1MzECd7MbiL0Rf0nH7YUl12I', 'UC2KfmYEM4KCuA1ZurravgYw', 'Shorts');
INSERT into PLAYLIST values ('PLBlnK6fEyqRjSgal6OIEfzK4upXvkHSxW', 'UCQYMhOMi_Cdj1CEAU-fv80A', 'Lists in Python');